Rank,Hacker,HackerID,Country,Problems,Solved,Score,Time
1,uwi,34242,Japan,,,201.5,11950
2,I_love_Tanya,74094,Ukraine,,,197,14570
3,kmjp,74347,Japan,,,197,15770
4,kobortor,530359,Canada,,,197,17180
5,Informatimukas,138406,Lithuania,,,197,18340
6,Hikari9,240281,Philippines,,,186.25,22070
7,Cydiater,2602870,China,,,174.5,21020
8,RockyB,1271957,Kazakhstan,,,172.25,28260
9,chemthan,567828,Viet Nam,,,170,7700
10,dreamoon,201101,Taiwan,,,170,8100
11,satyaki3794,188117,India,,,170,9660
12,osmanorhan,215380,Turkey,,,170,10860
13,pwild,1905231,Germany,,,170,12690
14,yusufake,679636,Korea, Republic of,,,170,13290
15,_nhho,662790,Hong Kong,,,170,13930
16,KotehoSuchs,3438407,Sweden,,,170,15900
17,ujzwt4it,762736,India,,,170,16360
18,ykaya932,339887,Turkey,,,170,17270
19,aclsh,487810,China,,,170,18550
20,toonewbie,1956690,Azerbaijan,,,170,18850
21,hamayanhamayan,1151643,Japan,,,170,24920
22,ibahadiraltun,763133,Turkey,,,150.5,20000
23,cuiaoxiang,511225,China,,,146.75,18420
24,marton_antoni,1115689,Hungary,,,144,23280
25,omaryasser,1048477,Egypt,,,128.5,17020
26,yzsfdafsd,1832256,United States,,,124.5,9970
27,tanmay273,302476,India,,,118,11760
28,toloraia,681029,Georgia,,,114.75,5260
29,spj_29,1267850,India,,,114.75,7800
30,nuipqiun,357857,Japan,,,114.75,9280
31,[deleted],2602574,Iran,,,114.75,11160
32,balakrishnanv,360221,United States,,,114.75,11850
33,ludopulles,566876,Netherlands,,,114.75,12360
34,dhirajfx3,689853,India,,,114.75,12390
35,misaelmateus,1158967,Brazil,,,114.75,12780
36,hitman623,1572383,India,,,114.75,12990
37,asgarj,1501876,Azerbaijan,,,114.75,13150
38,baolidakai,744771,United States,,,114.75,13440
39,[deleted],2843232,Iran,,,114.75,14830
40,allllekssssa,252159,Serbia,,,114.75,15340
41,koushrk,917530,India,,,114.75,15500
42,agaga_dudek,2351592,Poland,,,114.75,15560
43,paulocezar,106387,Brazil,,,114.75,15600
44,limli,1391339,Singapore,,,114.75,16280
45,hruday_kohli,980665,India,,,114.75,17240
46,scopeInfinity,220264,India,,,114.75,17550
47,[deleted],1934945,Iran,,,114.75,19380
48,Mjgonzales,1188657,Dominican Republic,,,114.75,19650
49,magieNoire,372661,Morocco,,,114.75,19900
50,Mandrenkov,726555,Canada,,,114.75,20430
51,mahbubcseju,158627,Bangladesh,,,114.75,20830
52,Sahil183,726074,India,,,114.75,20900
53,pdwd,43151,United States,,,114.75,22290
54,cjoa,34277,Dominican Republic,,,114.75,23950
55,norgevz,435173,Spain,,,114.75,24700
56,JoseSoto,2405761,Mexico,,,114.75,25460
57,wes01,2087215,United States,,,111.5,18960
58,bogdan10bos,213435,Romania,,,109.5,10880
59,AWice,68280,United States,,,108.25,6530
60,orapandrei,1885040,Ukraine,,,108.25,10420
61,nmalviya3,314187,India,,,108.25,10910
62,xenoid,3272185,United States,,,108.25,11660
63,TahsinEnesKuru,923928,Turkey,,,108.25,14870
64,vntshh,672391,India,,,108.25,15290
65,saiyanstyle,646748,India,,,108.25,16600
66,arccosh,181204,Canada,,,108.25,18780
67,VictorXjoeY,1368938,Brazil,,,108.25,19090
68,Haueck,558634,Poland,,,108.25,19860
69,orbaz,2600533,United States,,,108.25,20270
70,EchoQi,648787,United Kingdom,,,108.25,21850
71,saraansh_chopra,1515091,India,,,108.25,21860
72,alcesmire,2293098,Antarctica,,,108.25,22690
73,advitiyabrijesh,416404,India,,,108.25,23280
74,juanplopes,144366,Brazil,,,108.25,24040
75,TangentDay,2118475,Japan,,,108.25,30920
76,Grumpy_gordon,1927828,Russia,,,105,2450
77,lexuanan,1031714,Vietnam,,,105,3480
78,teja349,572858,India,,,105,3980
79,h445033901,3438356,China,,,105,4560
80,7N118020044,2892041,Vietnam,,,105,4770
81,CrazyMerlyn,189431,India,,,105,6030
82,Gary97,23145,Austria,,,105,6660
83,pradhan_ptr,3294866,United States,,,105,8240
84,wrightbw,3249630,United States,,,105,9200
85,nmouad,867518,Morocco,,,105,9340
86,nshal,2602336,Russian Federation,,,105,9830
87,Ahmed_Morsy,344068,Egypt,,,105,10760
88,helThazar,190251,Germany,,,105,11930
89,gkavitha,1024153,India,,,105,12530
90,sahedsohel,138943,Bangladesh,,,105,20640
91,MB1151,895030,India,,,97.5,15042
92,Phoenix1369,561911,Canada,,,78.25,25856
93,lakshmanaram,301166,United Kingdom,,,74.75,15980
94,dbitin,2322739,Norway,,,74.75,17807
95,ciphereck,2780507,India,,,74.75,17947
96,abhinash_rai,1466556,India,,,74.75,21220
97,karim_safin,1953226,Ukraine,,,74.75,24943
98,lalit_1,737150,India,,,71.75,30018
99,mjbpl,172619,India,,,71.5,18959
100,h1195688378,2642223,China,,,70,6657
101,faustaadp,2454640,Indonesia,,,68.25,7333
102,i_am_pssp,547101,India,,,68.25,11091
103,Nicksona,562333,Georgia,,,68.25,13066
104,tianqi_terence_1,1885191,United States,,,68.25,13748
105,kilicars,1465811,Turkey,,,68.25,16185
106,MRtoma,715034,Georgia,,,68.25,18751
107,akhmed,1696089,Ethiopia,,,68.25,18853
108,albert_hk_cheng,3348874,Hong Kong,,,68.25,19535
109,jainabhishek0513,1540373,India,,,68.25,21596
110,myhaimihay,2755202,Romania,,,68.25,22788
111,prashanth_rebala,1374871,India,,,68.25,22958
112,t_kuester,2864975,Germany,,,68.25,23289
113,gnome_child,1109634,India,,,68.25,26511
114,darenzou,1757145,United States,,,65,3600
115,santa1987,2499452,United States,,,65,5605
116,xh2277,3281804,United States,,,65,5782
117,Paradox512,470564,Canada,,,65,5958
118,scidylanpno,3422101,China,,,65,6281
119,arvind_r,1407582,United States,,,65,6833
120,snaury,418550,Russian Federation,,,65,6864
121,[deleted],3205709,Iran,,,65,6869
122,jamesyang2333,3307777,Singapore,,,65,7229
123,mshu12,3428910,United States,,,65,7235
124,crech,1753728,United States,,,65,7814
125,priyanshukm,697749,India,,,65,8184
126,mbaros,216211,Armenia,,,65,8685
127,raja1999,2171170,India,,,65,9495
128,rahulshetty96,666076,India,,,65,9671
129,amir_h_bakhtiary,2034145,Portugal,,,65,9963
130,narut,2866575,United States,,,65,10119
131,ayushag10004,618179,India,,,65,10266
132,h_quintero,2162727,Spain,,,65,10758
133,hermans,184383,United Kingdom,,,65,10996
134,goodhope,758669,United States,,,65,11068
135,Ismael_Olvera,1490275,Mexico,,,65,11161
136,skomissopoulos,2950990,United States,,,65,11171
137,14udayanjoshi,1547614,United States,,,65,11438
138,Neo2308,3054761,India,,,65,11648
139,thmss,526222,Italy,,,65,12085
140,ashishbrt,957373,India,,,65,12093
141,rudalsdldia1,2325853,Republic of Korea,,,65,12133
142,darthmelonder,557909,India,,,65,12210
143,tafit3,318989,Poland,,,65,12892
144,b_maslakov,1771019,Russia,,,65,13762
145,mike_kazakov,2590124,United States,,,65,13874
146,agao18,3413171,United States,,,65,14029
147,cloudycap,1269787,United States,,,65,14073
148,kartaltabak,2391956,Turkey,,,65,14173
149,piyushgoel997,1348883,United States,,,65,14359
150,akuan_liu,2771104,United States,,,65,14565
151,kdsuneraavinash,1611897,Sri Lanka,,,65,14622
152,yansiverio,1961182,United States,,,65,14732
153,shikhar_00778,463013,India,,,65,14784
154,matejuve,2857192,Germany,,,65,14805
155,r_irv938,2764579,United Kingdom,,,65,15039
156,biochem,2876702,United States,,,65,15051
157,jha_gaurav21098,1378536,India,,,65,15593
158,[deleted],243980,,,,65,16146
159,Cyllene,1319977,Poland,,,65,16171
160,ahmed_ayman1196,1110267,Egypt,,,65,16230
161,daiota,780820,Japan,,,65,16421
162,Andres_Alumets,2892359,Estonia,,,65,16806
163,dmtdlm,157513,Russian Federation,,,65,17219
164,Inof42,1387835,India,,,65,17356
165,ognjen1998,1937850,Serbia,,,65,17382
166,sarthaksfc,263943,India,,,65,17966
167,trongsy,723865,Viet Nam,,,65,18345
168,[deleted],925335,,,,65,18438
169,outvoider,588378,United States,,,65,18660
170,KamiShogun,2823191,United States,,,65,19714
171,T_BONE_289,1440552,India,,,65,20640
172,zhangyanuuuuu,995953,United States,,,65,20827
173,msudanila,3062084,Russia,,,64.75,11619
174,HimJ26,1562295,India,,,60,15429
175,cosmar_unibuc,2755771,Romania,,,58.25,12117
176,Shalabh,371307,India,,,58.25,14115
177,Sergei82,359751,Singapore,,,58.25,14276
178,mrtsima2,837964,Georgia,,,58.25,18090
179,tejkiran_v,1490245,India,,,58.25,18113
180,twangal,1241355,Hong Kong,,,55,627
181,gravito12345,3289270,India,,,55,951
182,nymeriaxorea,2285991,Mexico,,,55,1588
183,mochalka1,743284,Ukraine,,,55,1785
184,utkarshg42,1058406,India,,,55,2178
185,amarsharma1997,837313,India,,,55,2204
186,nyermakh,209526,United States,,,55,2356
187,vittoriomassaro,1427560,Switzerland,,,55,2393
188,Dipak_Ramesh,1020028,India,,,55,2572
189,singleheart,873987,South Korea,,,55,2648
190,hamzqq9,943230,Turkey,,,55,2714
191,Basim,209365,United Kingdom,,,55,2920
192,jainsajal1301,2568991,India,,,55,3033
193,kimnamu,2076495,Korea, Republic of,,,55,3076
194,mi6091,126958,United Kingdom,,,55,3223
195,visleck,1511504,India,,,55,3295
196,kainthabhishek,419227,India,,,55,3402
197,[deleted],1904087,,,,55,3609
198,KarimElSheikh,2289325,Egypt,,,55,3884
199,Bad_Jim,1246186,United Kingdom,,,55,3906
200,kverti98,906649,Serbia,,,55,3971
201,akmoyu,102951,Mongolia,,,55,4089
202,s20b1_zharov,3368147,Netherlands,,,55,4403
203,ryuxin,1634476,China,,,55,4483
204,mocshare_,183184,India,,,55,4521
205,mohtasim,155316,Bangladesh,,,55,4702
206,Corsaire,2305602,Ukraine,,,55,4854
207,laoshucike,1638755,United States,,,55,4855
208,neeraj745,2157325,India,,,55,4904
209,happytiger,2776979,Republic of Korea,,,55,4907
210,blyhos,1122338,United States,,,55,4945
211,grenade,715004,India,,,55,5054
212,tennisbergoliver,1874225,Estonia,,,55,5115
213,magdy_hasan,610398,Egypt,,,55,5450
214,prudhvirajnitjsr,266700,India,,,55,5456
215,Axesilo,2122576,United States,,,55,5517
216,rishabhjainps,929338,India,,,55,5583
217,yakamoz,335036,United States,,,55,5731
218,unicorn2014,1185359,United States,,,55,6020
219,AVendetta,167948,Tunisia,,,55,6163
220,Stomach_ache,178652,China,,,55,6207
221,nguyenvunhatduy,2048078,Vietnam,,,55,6423
222,massimoche,2833815,Luxembourg,,,55,6594
223,goelnandan,946297,India,,,55,7151
224,intueor19,1795902,Germany,,,55,7227
225,dzhao14,2148063,United States,,,55,7247
226,akash1518,2372055,India,,,55,7294
227,alexjoly,239533,United States,,,55,7527
228,geofflyle,2936442,United States,,,55,7818
229,mhlmz,3350189,Italy,,,55,8082
230,AIborra,2746740,France,,,55,8389
231,giorgikobakhia,1017939,Georgia,,,55,8601
232,Goga_,621369,India,,,55,8775
233,alex347,3287397,United Kingdom,,,55,8851
234,Khujamurod97,1671751,Uzbekistan,,,55,9170
235,D0n9X1n,386940,China,,,55,9208
236,monastic,919723,India,,,55,9352
237,Han_V,73998,Switzerland,,,55,9644
238,shubham_tibra,322435,India,,,55,9887
239,nishant_141077,157782,India,,,55,9979
240,morriskurz,2534848,Germany,,,55,10012
241,vkokielov,1348088,Germany,,,55,10037
242,dbajraktarov,1088727,Macedonia,,,55,10153
243,Mindjolt,2701999,India,,,55,10615
244,uaslanli,3151689,Azerbaijan,,,55,10721
245,kapishps,98938,India,,,55,10799
246,airibo,2758387,Korea, Republic of,,,55,10888
247,rpkooter,2048152,Netherlands,,,55,11982
248,sebascherny,2116476,Argentina,,,55,12083
249,bikash001,443242,India,,,55,12536
250,himanshigarg1311,1829468,India,,,55,12806
251,gpaditya97,607617,India,,,55,12824
252,gregoire_deleta1,1805300,France,,,55,14389
253,Fedman,3413349,Peru,,,55,14656
254,Ingenium,3049663,United States,,,55,16475
255,gonchenko,1080887,Russian Federation,,,55,17756
256,16JE002000,2137904,India,,,55,20088
257,ankyizhere,188375,India,,,55,20416
258,beginnnner,1292736,India,,,52.75,12297
259,codestark,664456,India,,,52,10424
260,ayushjainpnp,884990,India,,,51.5,8580
261,rohitdeepu17,151723,India,,,51,10297
262,ankurdua15,1465585,India,,,49.75,4613
263,HanTroid,1669325,Peru,,,49.75,5882
264,inarchus,1845865,United States,,,49.75,8979
265,AnneGarvey,1167199,United Kingdom,,,49.25,22635
266,nitishk24,2080014,India,,,47.5,2979
267,gvhl1,3329246,Netherlands,,,47.5,3552
268,zharko,2696403,Netherlands,,,47.5,10984
269,eyrgw,258575,Hungary,,,47.5,19741
270,[deleted],1864613,,,,45,8317
271,kmshihabuddin,2036979,United States,,,41.5,22040
272,IsTinG,1908551,Russian Federation,,,41,4207
273,abhijit16,886630,India,,,41,6527
274,Qemikal,2269856,Republic of Moldova,,,41,6759
275,arnavk805,2399255,India,,,41,7669
276,koraybasbilen,2464414,Turkey,,,39.25,7548
277,sjaranowski,919582,Poland,,,38.75,13419
278,srijan123j,1564207,India,,,38.5,17762
279,emindeniz99,1095479,Turkey,,,37.5,3862
280,udbhavgovil,331218,India,,,37.5,4487
281,saik12121,803738,India,,,37.5,6943
282,HarshRanjan1997,977414,India,,,37.5,9302
283,dipta007,155536,Bangladesh,,,37,7033
284,wangteng_ag,2597266,United States,,,37,10787
285,jusizela,953453,Italy,,,37,11321
286,[deleted],1952137,,,,37,12213
287,marcinp,1831405,Poland,,,37,14042
288,by_default,3438208,Bangladesh,,,37,14254
289,ranjith19980402,2161407,India,,,37,16104
290,ArtyomKarpov,2097005,Russian Federation,,,37,16223
291,abhijeetjha38,3438712,United States,,,35,6349
292,gkerchev,3433284,United States,,,35,6661
293,habaj,1981927,India,,,35,8153
294,zeeshan_khan512,2120347,India,,,35,17238
295,fighterhuman,2006839,India,,,35,17348
296,zefengsong,2345074,United States,,,35,17566
297,Olympic_Bears,2191228,Russia,,,35,23052
298,siddharthp538,1391248,India,,,33.25,11032
299,priyankah,92424,India,,,33.25,16399
300,dipesh_jain,843198,India,,,33.25,16450
301,CaptainDaVinci,1515144,India,,,33.25,17264
302,harshit_ag456,1747288,India,,,32.25,3450
303,Gaurang_Gatlewar,199936,United States,,,32.25,8637
304,mnjit,788695,India,,,31.75,6568
305,scube96,772419,India,,,31.75,6569
306,Abhishekk781,1784073,India,,,31.75,7781
307,jamil993,1159558,Bangladesh,,,31.75,7987
308,anurag19aggarwal,69494,India,,,31.75,8627
309,burhan103335,1942083,Bangladesh,,,31.75,9578
310,prajjwal_sharma1,1968537,India,,,31.75,9841
311,mgoksu,2647776,Turkey,,,31.75,10042
312,abhiagrawal2297,700438,India,,,31.75,10220
313,Rishi33,772714,India,,,31.75,11096
314,15BIT040,1459959,India,,,31.75,11760
315,karanBajrang07,2399656,India,,,31.75,12012
316,jsbaxter271,3293035,United Kingdom,,,31.75,12350
317,avi_bpgc,2045652,India,,,31.75,13041
318,ishibashijun,169403,Japan,,,31.75,13261
319,CristinaMaria,2551014,Romania,,,31.75,13661
320,HusseinAwala,2573304,France,,,31.75,14314
321,mobrien,2689645,Ireland,,,31.75,14805
322,Semantyc,1423127,Cameroon,,,31.75,15168
323,zcendeja,2430336,United States,,,31.75,16066
324,maxcaliber,3252983,United States,,,31.75,16708
325,fen1ks,2724448,Poland,,,30.25,13054
326,ellioa2,3141287,United States,,,30,3064
327,malassal,829285,Egypt,,,30,4476
328,teozhiwen,2264116,Singapore,,,30,4573
329,barry_1928,2837228,India,,,30,5173
330,_mizu,3364659,France,,,30,5178
331,imvishi,925539,India,,,30,5313
332,abhi78,207971,India,,,30,5367
333,BhaskarSami,403291,India,,,30,5560
334,bhaveshvasnani,686918,India,,,30,5902
335,anu70,1223078,India,,,30,7038
336,mihail_iordanov,2750335,Bulgaria,,,30,7533
337,aditya2_,683327,India,,,30,7696
338,jmcguin1,3082941,United States,,,30,7709
339,harveyciphers,262435,Egypt,,,30,7842
340,juanl9sd,2826261,Argentina,,,30,7956
341,AgataB,2386438,Poland,,,30,8042
342,dominoplural,2605777,United States,,,30,8421
343,adityauser225,3042741,India,,,30,8540
344,Prachi_Jain,1109824,India,,,30,9336
345,zanthia,3404437,Belarus,,,30,9429
346,deflpbt,857522,Tunisia,,,30,9554
347,siddha149,681918,India,,,30,9672
348,aniruddha_nsit,3257269,India,,,30,9778
349,BurhanKhom009,1219282,India,,,30,9791
350,cMz4_,3412066,Canada,,,30,10214
351,L_Drago,700431,India,,,30,10503
352,apoorvkumar91,3107853,United States,,,30,10808
353,kapoorarjun19,740522,Canada,,,30,12069
354,rhartvik,709920,Canada,,,30,12098
355,ankkushw,768194,India,,,30,13654
356,laskowsp,3424209,Canada,,,30,14094
357,vibrantvds,682790,India,,,30,14751
358,klimkina,2319369,United States,,,30,15061
359,alxw1863,3365796,United States,,,28.75,8960
360,htt1084,612888,United States,,,28.75,9284
361,navjindervirdee,1063004,India,,,28.5,17352
362,abklaass,1860404,Canada,,,27,2325
363,tezansahu,3372357,India,,,27,3988
364,mtmiit_md,203941,India,,,27,4391
365,gitu1992,2595654,Singapore,,,27,4648
366,GagaOulala,543190,Morocco,,,27,5269
367,ANDREYDEN,2981959,Canada,,,27,5944
368,SahilSinghss73,2994496,India,,,27,7475
369,ante_,2056051,Croatia,,,27,7963
370,fawwazi,1617296,Singapore,,,27,8010
371,galin_val,2909294,Bulgaria,,,27,10470
372,lopezgd,1772132,United States,,,27,10769
373,antonio2904,1612845,India,,,27,10843
374,NISHITA31,772689,India,,,27,10851
375,kirihar2,612540,United States,,,27,11103
376,p2136,710528,India,,,26.75,10089
377,aldricbek,2691679,United States,,,26.75,12369
378,ralitsa_andreev1,2464134,Bulgaria,,,25.25,2296
379,toomast,1874504,Estonia,,,25.25,4559
380,Sadao53,909985,India,,,25.25,8002
381,seanang185,3308093,Singapore,,,25.25,9035
382,jbanerje,1596990,United States,,,25,6456
383,laymann,1494501,India,,,25,7130
384,ncordon,279228,Spain,,,25,8123
385,bL4ck_r4bb1t,2945616,Lithuania,,,25,9406
386,ashish53v,1295696,United States,,,25,11331
387,MICKEY1,290811,India,,,25,13406
388,anirudhkannan_v1,1490243,United States,,,25,15052
389,Pheme,1147030,United States,,,25,15106
390,M_G_B,1903358,India,,,25,19172
391,ksridevi,2962538,United States,,,25,20351
392,harshad16,460945,India,,,25,21039
393,mc564,2300464,United States,,,25,23918
394,phillotunru,2722856,Indonesia,,,24.25,4160
395,pykay,1450567,India,,,23.5,3575
396,zacker_22,646692,United States,,,23.5,9790
397,b_vsbrk,2236140,India,,,23.5,10542
398,puneetrai04,326824,India,,,23.5,14031
399,kodokganteng,3438514,Indonesia,,,23.25,4314
400,hacker7917,639684,India,,,23.25,8000
401,romit97,757970,India,,,23.25,8143
402,riehl_kevin,3401462,Switzerland,,,23.25,8759
403,ashish_rawat991,3344569,India,,,23.25,11051
404,wekyri,46747,Denmark,,,23.25,11271
405,Prashant98,876377,India,,,22.5,8204
406,rohitkingkvr,2552551,India,,,22,14692
407,vinayakawanti,2264769,India,,,21.75,710
408,aishwarya_42,884956,India,,,21.75,768
409,Sinhov,744946,India,,,21.75,1110
410,8_vidyut_8,555097,India,,,21.75,1252
411,stalin_0,1554383,India,,,21.75,1315
412,rush_sa,2995770,India,,,21.75,1338
413,pkk_tino,769585,Thailand,,,21.75,1351
414,Anonymous1821,2157688,India,,,21.75,1365
415,AIcoding,248303,United States,,,21.75,1378
416,lsiddiqsunny,1255482,Bangladesh,,,21.75,1401
417,ShaleenBengani,738127,India,,,21.75,1453
418,abhinav_23_april,2983739,India,,,21.75,1502
419,amitkr100,629335,India,,,21.75,1542
420,mts_6,691757,India,,,21.75,1579
421,pronab_mukherjee,520710,India,,,21.75,1615
422,cagdas,410676,Sweden,,,21.75,1740
423,bordia98,2057854,India,,,21.75,1818
424,ibrahimkhan7777,1405714,United States,,,21.75,1893
425,2015uec1428,1665326,India,,,21.75,2007
426,aayush97,868156,Nepal,,,21.75,2030
427,Abhishek_Anand99,946888,India,,,21.75,2042
428,teja_ravi474,3100223,India,,,21.75,2067
429,AnkushSharma,3263520,India,,,21.75,2120
430,test_user_,3225176,India,,,21.75,2158
431,jeffinsam,1809616,India,,,21.75,2257
432,Reayz,642314,Bangladesh,,,21.75,2272
433,myself_yugant,1257555,India,,,21.75,2297
434,MarkkuK,3367934,Finland,,,21.75,2340
435,Deepb1996,624989,India,,,21.75,2350
436,kartikkrishnan13,3049148,India,,,21.75,2354
437,Fasalytch,2045929,Russia,,,21.75,2379
438,MalekTanabene,560212,Tunisia,,,21.75,2408
439,asr494,2140406,India,,,21.75,2411
440,CTIAGOTB,486336,Brazil,,,21.75,2492
441,nikhil_atheti,1653765,India,,,21.75,2515
442,[deleted],208323,,,,21.75,2524
443,vaibhavritam,3369955,India,,,21.75,2566
444,Tataru_Adelin,1092751,Romania,,,21.75,2638
445,nikhiljain1222,1552471,India,,,21.75,2647
446,shivangchopra11,1363406,India,,,21.75,2675
447,om_shubham,2359576,India,,,21.75,2676
448,mitanshu_sheo,1596040,India,,,21.75,2695
449,sanket143,2783283,India,,,21.75,2723
450,sreek,72222,United States,,,21.75,2724
451,gokuldhoot,784710,India,,,21.75,2762
452,recurze,1964244,India,,,21.75,2764
453,mohitsharmaaa,2390426,India,,,21.75,2782
454,rafaelwestphal,511495,Canada,,,21.75,2797
455,saumil27,246821,India,,,21.75,2827
456,akarshsomani,1885548,India,,,21.75,2834
457,AcFreak,2129327,India,,,21.75,2837
458,Wolfierce,469638,France,,,21.75,2841
459,blue_basilisk,865150,India,,,21.75,2930
460,harachaitanya,97025,United States,,,21.75,2960
461,kanha31,1232517,India,,,21.75,3004
462,benoit_zhong,3146874,Sweden,,,21.75,3007
463,coderanant,3363104,India,,,21.75,3012
464,challalakshmare1,2678116,India,,,21.75,3036
465,vaishalidas,654791,India,,,21.75,3099
466,NeillGiraldo,146253,Germany,,,21.75,3107
467,ujjawal35,2006175,India,,,21.75,3209
468,leandrovianna,1451245,Brazil,,,21.75,3215
469,HBK003,2024383,India,,,21.75,3274
470,ANK2KEN,1927195,India,,,21.75,3299
471,maknunlakme,763175,Bangladesh,,,21.75,3301
472,wallacysebastian,3434720,Brazil,,,21.75,3321
473,matheux,1335396,India,,,21.75,3348
474,rajatiitkgp,469791,India,,,21.75,3383
475,euclidean98,1897293,United States,,,21.75,3384
476,attomos,216312,Thailand,,,21.75,3400
477,krypto,133207,India,,,21.75,3476
478,raghumaya,450355,India,,,21.75,3530
479,Amitsk,354146,United States,,,21.75,3538
480,bilalakil,2819606,Japan,,,21.75,3564
481,emperor100,747054,India,,,21.75,3567
482,abhi4,253828,India,,,21.75,3573
483,pandu67,235677,India,,,21.75,3583
484,avishek_dutta_21,3372316,India,,,21.75,3597
485,chhuang215,1918377,Taiwan,,,21.75,3603
486,u_rajsingh2503,2003144,India,,,21.75,3628
487,giovanni_det,1848050,Italy,,,21.75,3630
488,SimeonD,1004792,United States,,,21.75,3643
489,elif_tekin,3426427,United States,,,21.75,3665
490,majorcan_sands,3357851,India,,,21.75,3698
491,pro16o1,2989054,India,,,21.75,3717
492,princekumarjvmn1,2037987,India,,,21.75,3738
493,jhaambikesh,1758484,Nepal,,,21.75,3743
494,nilesh8757,1551457,India,,,21.75,3772
495,sravanivelumuri,1371875,India,,,21.75,3789
496,arpituppal,207473,India,,,21.75,3811
497,weeziemist,50269,United Kingdom,,,21.75,3822
498,Pierroteknik,438552,France,,,21.75,3833
499,surajpunetha,237224,India,,,21.75,3847
500,WanderingFreak,365917,India,,,21.75,3891
501,Paul_hunter,2224620,India,,,21.75,3899
502,arnaud_marchal,3268456,France,,,21.75,3923
503,AlexKiselev,2097230,Russian Federation,,,21.75,3934
504,hariharakumar7,514597,United States,,,21.75,3948
505,Mckowzie81,706077,India,,,21.75,4073
506,philipprapp,1454094,United States,,,21.75,4086
507,varun_u28,151429,United States,,,21.75,4131
508,riddletom76,667766,India,,,21.75,4160
509,Live_wire15,1540096,India,,,21.75,4205
510,Ramu1821,2169687,India,,,21.75,4211
511,majin_vegeta,631185,India,,,21.75,4222
512,ripazha,1759198,India,,,21.75,4226
513,nethish,1474505,India,,,21.75,4229
514,D_Prasad_95,449173,India,,,21.75,4243
515,harshabhat93,929045,India,,,21.75,4250
516,vds619,264148,India,,,21.75,4268
517,prasuun,700386,India,,,21.75,4304
518,kcgebologlu,1686437,Turkey,,,21.75,4321
519,ashishraj365,1985685,India,,,21.75,4340
520,gauravb21,1568384,India,,,21.75,4390
521,mxamin,2465477,Sweden,,,21.75,4405
522,QuomoZ,551189,United States,,,21.75,4435
523,johnp3,968886,South Korea,,,21.75,4449
524,erasiloco,3361642,Kazakhstan,,,21.75,4495
525,_raviyadav,670867,India,,,21.75,4507
526,DanORourke,1263106,United States,,,21.75,4516
527,raj110,1423517,India,,,21.75,4557
528,narayanasamy1,2845013,United States,,,21.75,4568
529,michaelfpenny,2547112,United States,,,21.75,4569
530,kktri94,1978449,United States,,,21.75,4582
531,maneeshp626,2862613,India,,,21.75,4603
532,anshumanc007,3054114,India,,,21.75,4630
533,prasad1729,1666955,India,,,21.75,4637
534,shaeli,608133,India,,,21.75,4658
535,Pikachuu,572319,India,,,21.75,4660
536,kaustubhdeokar,1662059,India,,,21.75,4850
537,Tungsten98,3386720,United Kingdom,,,21.75,4870
538,f20160723,3170695,India,,,21.75,4871
539,syedazhartalha,2399662,India,,,21.75,4892
540,chrshlw,2865639,Germany,,,21.75,4936
541,eric2013,1367041,Canada,,,21.75,4942
542,leo_12345,701030,India,,,21.75,4957
543,gketan2,2988129,India,,,21.75,4979
544,AlphaCoder221,691758,India,,,21.75,4986
545,xander_q_ge,2159091,United States,,,21.75,5024
546,bholubangroo,224245,India,,,21.75,5033
547,gavlenamdev,2119871,India,,,21.75,5051
548,MrCoolTheCucumbr,542909,United Kingdom,,,21.75,5089
549,angelicdemon,253812,India,,,21.75,5109
550,situ25,1719425,India,,,21.75,5173
551,AbhiY13,2963419,India,,,21.75,5191
552,FrancescoLotito,746722,Italy,,,21.75,5194
553,Saksham975,1035052,India,,,21.75,5243
554,oneflyyoung,3257973,China,,,21.75,5313
555,tushargautamk21,2756038,India,,,21.75,5358
556,dp_d_god,2769659,India,,,21.75,5406
557,marmikshah,182685,Hong Kong,,,21.75,5414
558,adamg321,3416552,United States,,,21.75,5432
559,godspeed99,2947298,India,,,21.75,5456
560,ReneArgento,421026,Brazil,,,21.75,5490
561,propanoid,2663487,Russia,,,21.75,5505
561,shubham_1010,1013781,India,,,21.75,5505
563,florinmunteanu96,530664,Romania,,,21.75,5509
564,Vipin_panwar,1498354,India,,,21.75,5539
565,aditya123garg,2215956,India,,,21.75,5565
566,kanu_malivad,2877424,India,,,21.75,5577
567,sunilkumar1995,788478,India,,,21.75,5580
568,windofwinter,2842931,India,,,21.75,5591
569,marckoch,1579527,Germany,,,21.75,5611
570,mina_efm,137463,United Kingdom,,,21.75,5616
571,pritampatel738,1541540,India,,,21.75,5647
572,vinayv1234,682662,India,,,21.75,5711
573,pulavarthi17,762889,India,,,21.75,5721
574,daiict_201712018,3022781,India,,,21.75,5725
575,brooom,1415219,India,,,21.75,5755
576,namburisrinath,1507521,India,,,21.75,5758
577,Sipos_Daniel,2969110,Hungary,,,21.75,5780
578,priyasatbhaya64,552360,India,,,21.75,5813
578,joscorbe,1999168,Switzerland,,,21.75,5813
580,rajendra,551347,United States,,,21.75,5908
581,pawneshg,634705,India,,,21.75,5914
581,rehanjaved,3318327,Pakistan,,,21.75,5914
583,akshaykumars10,1490102,India,,,21.75,5928
584,sunil16GEU,1011247,India,,,21.75,5967
585,Niran0303,861953,United States,,,21.75,5984
586,rizzaxc,2389841,Australia,,,21.75,6012
587,PaulKh,1905501,Russia,,,21.75,6051
588,sauravraj62,1880314,India,,,21.75,6075
589,khushsingh94,2894965,India,,,21.75,6083
590,araines,2427941,United States,,,21.75,6191
591,Insomniacoder,1814863,India,,,21.75,6220
592,adityashiva007,1791450,India,,,21.75,6319
593,udashi,695393,Bangladesh,,,21.75,6328
594,eankhbayar,861429,Mongolia,,,21.75,6351
595,ziouadi_mohammed,3412009,Morocco,,,21.75,6371
596,souravrane_,2924125,India,,,21.75,6396
597,Krishnabhishek,528056,India,,,21.75,6440
598,haibeey,1102666,Nigeria,,,21.75,6448
599,kauziishere,907821,India,,,21.75,6499
600,Piyush_555,2633660,India,,,21.75,6550
601,dixitrahul924,2454346,India,,,21.75,6645
602,menna_muhammed11,3170817,Egypt,,,21.75,6659
603,venkataramag,129263,India,,,21.75,6671
604,samturnerturner1,3346116,United Kingdom,,,21.75,6681
605,ranjangoyal1,3418946,India,,,21.75,6683
606,prakharjain927,756156,India,,,21.75,6695
607,rahul_sharma91,609129,India,,,21.75,6749
608,deepanshup003,3150269,India,,,21.75,6761
609,raghul_roshan,1553780,India,,,21.75,6779
610,SantoshPenjArla,1339676,India,,,21.75,6949
611,manish9m,760025,India,,,21.75,6981
612,codeR_27,1084963,India,,,21.75,7012
613,blaszkiewiczmil1,3211818,Poland,,,21.75,7092
614,Manish_Sundriyal,1055466,India,,,21.75,7101
615,Akash_rb,594029,United States,,,21.75,7114
616,nikcode,138965,United Arab Emirates,,,21.75,7141
617,Ajaychhimpa1,819489,India,,,21.75,7250
618,topup,1820497,India,,,21.75,7280
619,techytushar,2317300,India,,,21.75,7387
620,simranpreetsing1,1911407,India,,,21.75,7424
621,aeshak,1487401,Egypt,,,21.75,7427
622,codrincojocaru,3424772,Romania,,,21.75,7447
623,[deleted],2987674,,,,21.75,7510
624,anshu143,1005617,India,,,21.75,7515
625,rickymuga,3273109,South Africa,,,21.75,7622
626,nikkitanandankar,3050645,India,,,21.75,7628
627,antekjb,2453358,Poland,,,21.75,7660
628,javsjj,579367,Russian Federation,,,21.75,7674
629,arcus_,1589746,India,,,21.75,7689
630,jain_paras1810,2545388,India,,,21.75,7690
631,steven_r_biles,2437394,United States,,,21.75,7712
632,prasanna_vignes1,1427849,India,,,21.75,7719
633,unrealwork,2633162,Russian Federation,,,21.75,7721
634,dustin_espinosa,1414812,United States,,,21.75,7743
635,coolbudy1998,1042304,India,,,21.75,7865
636,shivshankarp0730,788653,India,,,21.75,7920
637,rohit_bokam97,1902251,India,,,21.75,7945
638,vs_22,1290337,India,,,21.75,7965
639,fmadr002,1388805,United States,,,21.75,8001
640,vgkazakov,2653145,United States,,,21.75,8031
641,qawbecrdteyf,2070957,India,,,21.75,8103
642,gkcse27,1253912,India,,,21.75,8146
643,rcabreu,98337,Dominican Republic,,,21.75,8197
644,srinivas_kannep1,3234558,India,,,21.75,8259
645,heinen_benjamin,1783980,Canada,,,21.75,8321
646,AjitZero,1677180,India,,,21.75,8323
647,Rohan_Goel,3084933,India,,,21.75,8375
647,koneru_harsha499,1397494,India,,,21.75,8375
649,anderesumadrid,3340751,Spain,,,21.75,8378
650,hebela96,3427499,Hungary,,,21.75,8380
651,SwapnilNaik,1528959,India,,,21.75,8442
652,sainipradeep195,3282864,India,,,21.75,8452
653,jtktarun,2167957,India,,,21.75,8467
654,assulan,827281,United Kingdom,,,21.75,8472
655,rasedulrussel,1432053,Bangladesh,,,21.75,8489
656,salo_140398,1761360,India,,,21.75,8498
657,imrahul23,2599067,India,,,21.75,8524
658,Pranav_Raut,1808560,India,,,21.75,8547
659,slacker404,3304003,Greece,,,21.75,8593
660,quangtrieu1312,1493315,Viet Nam,,,21.75,8624
661,imabhinav_am,1648373,India,,,21.75,8712
662,TheAnshul,3088788,India,,,21.75,8719
663,justanotherkid,2447267,Canada,,,21.75,8722
664,osawill,2471863,United States,,,21.75,8760
665,16131A05D4CSE,2703121,India,,,21.75,8800
666,gamage1995,2377509,Sri Lanka,,,21.75,8895
667,robertbaggio5152,1744166,United States,,,21.75,9033
668,rr23388,1130319,India,,,21.75,9034
669,SK_P144,2092048,India,,,21.75,9057
670,amit2015samanta,2594079,India,,,21.75,9066
671,mehrotra_yash9,3050470,India,,,21.75,9071
672,eugalt,2174672,United States,,,21.75,9075
673,tprakash_14f230,433938,India,,,21.75,9092
674,ayush95045,3032867,India,,,21.75,9140
675,chnbin,2949006,Taiwan,,,21.75,9185
676,Unshent,3162899,Ukraine,,,21.75,9202
677,slavco_arsovski,2103844,Macedonia,,,21.75,9319
678,kirubha_16p119,2024652,India,,,21.75,9336
679,CSECG66,974149,India,,,21.75,9366
680,limintu,3241544,United States,,,21.75,9419
681,alekssaf,2741192,United States,,,21.75,9429
682,nysayyed8094,2308944,India,,,21.75,9466
683,beqaabu,783264,Georgia,,,21.75,9502
684,MV_038_9,1994111,India,,,21.75,9507
685,kundan_2508,2975151,India,,,21.75,9537
686,parasjnj98,2149052,India,,,21.75,9661
687,Kanahaiya,632522,India,,,21.75,9691
688,6455f082,946786,United States,,,21.75,9801
689,abdalla_soliman,3180068,Egypt,,,21.75,9954
690,ankitmor95,1627758,India,,,21.75,9996
691,MaheshwariPiyush,1924063,India,,,21.75,10058
692,vel_angelov,2602033,Bulgaria,,,21.75,10063
693,jonathankabongo1,2426602,United States,,,21.75,10181
694,garvit28,838328,India,,,21.75,10190
695,Walleye,3252923,China,,,21.75,10206
696,Apoorvabansal,1040238,India,,,21.75,10242
697,sudhirgiri2911,1632635,India,,,21.75,10267
698,happy003,3414928,India,,,21.75,10301
699,shashwat1998,3034283,India,,,21.75,10344
700,amarb62,2800197,India,,,21.75,10370
701,fngaaron,218867,Hong Kong,,,21.75,10384
702,husnifareed9,3435952,Canada,,,21.75,10532
703,namit_ng,882988,India,,,21.75,10561
704,SL170030900,2917926,India,,,21.75,10626
705,abhaynayar,800689,India,,,21.75,10754
706,jai_dewani,2806999,India,,,21.75,10784
707,sushmanth123,1090738,India,,,21.75,10803
708,pl101,3053350,India,,,21.75,10829
709,rasovica,146865,Slovenia,,,21.75,10840
710,chrisj770,1643303,United States,,,21.75,10856
711,jerrycheng1128,2505927,Taiwan,,,21.75,10926
712,nitinmahawar1997,1521487,India,,,21.75,11025
713,abhishekmodi3,3037302,India,,,21.75,11209
714,Pankaj56070,919704,India,,,21.75,11228
715,younes_ijichi,3321276,Canada,,,21.75,11321
716,glincy,2363050,India,,,21.75,11338
717,sriChetan,2798190,India,,,21.75,11475
718,jvm3487,450485,United States,,,21.75,11510
719,micoraafat96,3048980,United States,,,21.75,11530
720,mihiru_kongahage,604179,Sri Lanka,,,21.75,11536
721,shussain609,1466399,India,,,21.75,11546
722,s_anish509,3413600,India,,,21.75,11591
723,hungnd90,3118021,Viet Nam,,,21.75,11598
724,doll3098,3379542,United States,,,21.75,11643
725,hemslo,3290556,Hong Kong,,,21.75,11692
726,jayeshgaur10,3088397,India,,,21.75,11742
727,adar0,1888323,India,,,21.75,11767
728,Forbidden_Devil,1395779,India,,,21.75,11837
729,purvish,1466918,India,,,21.75,11841
730,nikhilksh1996,3408006,India,,,21.75,11871
731,happy_man,2024800,India,,,21.75,11885
732,suyash93,268360,India,,,21.75,12150
733,sujairamprasathc,2848755,India,,,21.75,12200
734,tavermat,3030195,France,,,21.75,12273
735,shivashishsuman1,2986800,India,,,21.75,12331
736,pavankumarkonda1,3105915,United States,,,21.75,12372
737,tushi43,1654794,India,,,21.75,12410
738,dataopt,2775878,Canada,,,21.75,12413
739,rawat_vikram79,3320963,India,,,21.75,12429
740,gshankar96,1954361,India,,,21.75,12549
741,roopalirocks123,3201468,India,,,21.75,12681
742,DmytroF,2031959,Czechia,,,21.75,12731
743,bsef15m011,2040977,Pakistan,,,21.75,12790
744,Shivansh19,953592,India,,,21.75,13084
745,Meenachinmay,446637,India,,,21.75,13163
746,villaire,3221741,United States,,,21.75,13177
747,harshit_698,2054190,India,,,21.75,13189
748,17je003017,3125785,India,,,21.75,13283
749,[deleted],2186216,,,,21.75,13444
750,adarsh_7,1703051,India,,,21.75,13612
751,shantanu0323,3132758,India,,,21.75,13620
752,arpan07chatterj1,1937512,India,,,21.75,13711
753,KRViji,2647028,India,,,21.75,13773
754,shashankcuber,1552739,India,,,21.75,13813
755,iamrakesh28,3025792,India,,,21.75,13814
756,rufus17,973703,India,,,21.75,13997
757,pramgopi98,2615189,India,,,21.75,14173
758,Sachin_6P,2031725,India,,,21.75,14191
759,erickB,834944,Mexico,,,21.75,14548
760,shaft,751141,Bangladesh,,,21.75,14732
761,ishanjain28,963362,India,,,21.75,14747
762,bharath40,459902,India,,,21.75,14796
763,suresh_nataraj,3401889,India,,,21.75,14878
764,onemanarmy111,607255,India,,,21.75,15055
765,marypat_campbell,555251,United States,,,21.75,15087
766,devil97,323710,India,,,21.75,15119
767,Multitude0099,701639,India,,,21.75,15210
768,preethikha18,3017709,India,,,21.75,15288
769,shaikkamran3,1508164,India,,,21.75,15304
770,frgfm,2669059,France,,,21.75,15305
771,adventurer001,777788,India,,,21.75,15636
772,keyOfShadows,1271690,United States,,,21.75,15819
773,rocketvisnu,1753497,India,,,21.75,15947
774,ohnose123,3413651,Canada,,,21.75,15973
775,medali_slimen,2292649,Tunisia,,,21.75,16007
776,jose_thomas,1707051,India,,,21.75,16074
777,shani_pathak98,1435620,India,,,21.75,16326
778,wellars_muhoza,1916736,United States,,,21.75,17348
779,libene,2080128,Brazil,,,21.75,17502
780,prashant_ravi,129381,United States,,,21.75,17598
781,Sixfinger,1112470,United States,,,21.75,17832
782,michelle_lei,2296382,Canada,,,21.75,18224
783,[deleted],654898,,,,21.75,18724
784,udaykiran_kondr1,2275378,India,,,21.75,18924
785,nevink,266481,India,,,21.75,19128
786,simonzhu91,133312,United States,,,21.75,19955
787,ayushece,294194,India,,,21,8660
788,neetusoni15,248205,India,,,20.25,6065
789,SaiSurya027,1470724,India,,,20,107
790,shubhamranjan,339375,India,,,20,121
791,God_Speed,1848461,India,,,20,131
792,Husniddin351,2065521,Uzbekistan,,,20,172
793,hemant2132,3353265,India,,,20,184
794,ethiraj91,1687072,India,,,20,209
795,superstorm42,467280,Bangladesh,,,20,223
796,Cyatrosi,329879,India,,,20,228
797,srv_twry,1452733,India,,,20,250
798,blakebambico,3062887,United States,,,20,259
799,prrani28,1619150,India,,,20,260
800,goyalshubham614,2869169,India,,,20,276
801,tka4798,2668020,India,,,20,279
802,eylin,73963,United States,,,20,282
803,lisa8,1593468,Germany,,,20,298
804,kaatil_coder,1706828,India,,,20,300
805,SolluxCaptor88,2699007,Romania,,,20,305
806,skenzhegulov,942676,South Korea,,,20,311
807,klimser,758668,Russian Federation,,,20,318
807,shubhamsaxena091,2136863,India,,,20,318
809,Khalnayak1111,3101341,India,,,20,323
810,subhajitpal7,2362815,India,,,20,348
811,jwad96,789514,United States,,,20,350
811,edgelord,2703171,Romania,,,20,350
813,sayangdipto,2744291,India,,,20,352
814,[deleted],672071,,,,20,362
815,jstkiddin,2531283,India,,,20,367
816,pdguo,545262,United States,,,20,370
817,mrmksovreli,2457223,Georgia,,,20,374
818,Indefinitely,1586857,Canada,,,20,385
819,codemart786,295639,India,,,20,386
820,str1kebeam,2766280,United States,,,20,387
820,jahnavimukherjeE,2533747,India,,,20,387
822,pkgajulapalli,197386,India,,,20,388
823,pagrus,329261,Belarus,,,20,390
823,tionkr,2501190,India,,,20,390
825,nagpaljatin1411,3080900,India,,,20,391
825,Amal_R,1200300,Canada,,,20,391
827,saikirank025,674085,India,,,20,415
828,gupta_u_raj,2580968,United States,,,20,423
828,2015uec1161,1665695,India,,,20,423
830,beastieric,2452942,United States,,,20,425
831,nuclode,1021665,India,,,20,456
832,debmalya123,561509,India,,,20,460
833,chi_bharathsai,3437672,India,,,20,463
834,pbmessi,905919,India,,,20,468
835,Nathan__Drake,2045438,India,,,20,469
836,Mahim007,778688,Bangladesh,,,20,479
836,seifsg,173323,Tunisia,,,20,479
838,achanani98,1754850,India,,,20,502
839,gomu1802,823459,India,,,20,506
840,goncalo,810978,Portugal,,,20,514
841,Asadullooooooooo,3104002,Uzbekistan,,,20,518
841,ravikshukla09,234628,India,,,20,518
843,Moustafa_Attia,1217810,Portugal,,,20,525
844,bhagyasriatukuri,1267678,India,,,20,532
845,alanpjohn,2775039,India,,,20,533
846,pp_pankaj,2414142,India,,,20,542
847,niketannath,2669576,India,,,20,549
848,arvind0598,1563762,India,,,20,556
849,Nayan_Khanna,3089613,India,,,20,557
850,chukostja,1620105,Finland,,,20,564
851,Fake_Death,870842,Bangladesh,,,20,566
852,AJAYPS,197962,India,,,20,581
852,chanduboy,1619753,India,,,20,581
854,adtkhl,739340,India,,,20,583
855,ksohan,551553,Bangladesh,,,20,585
855,[deleted],228262,,,,20,585
857,Blade_71,2912531,Bangladesh,,,20,600
858,aishwarykumar191,2120684,India,,,20,605
858,ramanconjecture,2020867,United States,,,20,605
860,kamran_NEUB,2172867,Bangladesh,,,20,613
861,ayu111,1927727,India,,,20,619
862,DiscoFighter47,1354471,Bangladesh,,,20,628
863,silagadzeshota,552701,Georgia,,,20,629
864,siddharthgoyal06,1765507,India,,,20,631
865,cliviafreak,3370883,Canada,,,20,633
866,spiritowaterx,3385947,United States,,,20,637
867,sachinpkale,292068,India,,,20,642
868,coolfool7,2074942,India,,,20,647
869,akashpagar,866918,India,,,20,660
870,gwarps,27961,India,,,20,663
871,tbui1,2976740,United States,,,20,666
872,sundar_p148,2541013,India,,,20,672
872,appusai,1547648,India,,,20,672
874,malviyan_shiv,1468309,India,,,20,677
875,NEUF17_BAMBH_A,3196798,United States,,,20,685
876,animesh3436,176575,India,,,20,697
877,aritrap,333257,India,,,20,702
877,Harsh424jan,1686372,India,,,20,702
879,ninjo,737218,Egypt,,,20,703
880,sateesh_katnam11,974083,India,,,20,708
881,harishreddy06,420613,India,,,20,709
882,mihirsingh0212,2162056,India,,,20,710
883,avinasshbharadh1,2346570,India,,,20,714
884,Nivesh_yo,2202769,India,,,20,721
885,sayedgkm,917878,Bangladesh,,,20,722
885,chiranjev,1236849,India,,,20,722
887,Nishtha_24,2378481,India,,,20,724
888,dutsrat,1398528,India,,,20,739
889,idzharbae,2795317,Indonesia,,,20,743
890,Rvin97,2355378,India,,,20,747
890,Ankur_Singh,1867587,India,,,20,747
892,aishwy,302842,India,,,20,753
893,n1c007,2368595,United Kingdom,,,20,758
894,leborham,982217,Israel,,,20,761
895,Joshi_Rahul,762199,India,,,20,762
896,smitjasani12345,3146570,India,,,20,765
897,rookie86,1862018,Russia,,,20,766
897,sounakbh,1349805,India,,,20,766
899,aan123,597971,India,,,20,772
900,web13assets,189787,India,,,20,774
901,utsavkr786,2229137,India,,,20,782
902,cla27986,71279,France,,,20,785
903,Vaibank1,78359,India,,,20,794
904,thedaylan,144736,Turkey,,,20,798
905,ram_24,2150708,India,,,20,800
906,subithgmx86,527058,India,,,20,807
907,siddchopde,460838,Denmark,,,20,812
907,coderark,319646,India,,,20,812
909,burhantabak,2603867,Turkey,,,20,822
910,phongvu95,1571598,Vietnam,,,20,830
911,user78,1687212,India,,,20,831
911,hranjan11,1520187,India,,,20,831
913,cAbhi15,1205797,India,,,20,834
914,abdkumar27,1976047,India,,,20,836
915,somesh29061994,208150,India,,,20,837
916,yavuz_dmr_scl,3412321,Turkey,,,20,839
917,vivek_reddy,813166,India,,,20,842
918,akhilr1,1881566,Canada,,,20,845
919,samcommando,2182492,India,,,20,846
920,MohamedAliBedair,2144123,Egypt,,,20,851
921,vsouzas,2482937,Brazil,,,20,854
921,congtrung2k1,1882558,Vietnam,,,20,854
923,saurav_agarwal21,834900,India,,,20,855
924,dhoialmeida,3130488,Brazil,,,20,870
925,bikram_singh_,2199520,India,,,20,877
926,abhi1503k,2413112,India,,,20,882
927,alexdmtr,1473703,Romania,,,20,887
928,Jaimin_Patel,1637798,India,,,20,906
928,mili123,1126839,India,,,20,906
930,kar_santanu43,2600339,India,,,20,913
931,mpierce3,3048879,United States,,,20,915
932,coder_a,1138499,India,,,20,918
933,pradhanbijaya,372221,United Kingdom,,,20,919
934,tamizhad,1481396,India,,,20,922
935,sifat_15,1080282,Bangladesh,,,20,925
936,codatron,1032026,India,,,20,931
937,Mr_skillsmuggler,3424769,India,,,20,933
938,saifahmadkhan4,2173227,India,,,20,934
939,xskhirtladze,354979,Georgia,,,20,940
939,shakthi_sgv,3031497,India,,,20,940
941,sachin_sam,994581,India,,,20,954
941,fporcino,3330505,Italy,,,20,954
941,hs_rohit,2870317,India,,,20,954
944,karthikk730,697318,India,,,20,956
945,akashsmaran,2996361,India,,,20,961
946,integral_sinx,908307,India,,,20,963
947,codeict,2800010,India,,,20,965
948,supertakumi86,123004,India,,,20,967
949,gondsourabh40,2262599,India,,,20,969
950,Tarang11,505078,India,,,20,971
950,15L31A05B3,2980480,India,,,20,971
952,k1roSmmT_6010,3352415,Mongolia,,,20,981
953,Alankar_Mali,2112109,India,,,20,987
953,plab0n,1098179,Bangladesh,,,20,987
955,reddroider,2230287,Georgia,,,20,990
956,ayush286,2958706,India,,,20,993
957,codersan,207556,India,,,20,995
958,arjunnk1998,2888637,India,,,20,998
959,klemen_fajs,3417025,Slovenia,,,20,1005
960,p_olli,2314661,Ukraine,,,20,1016
961,21171_somesh,3018386,India,,,20,1017
962,[deleted],1673145,,,,20,1020
963,Throw_p,1677283,Switzerland,,,20,1021
964,ankurchaudhary61,1546281,India,,,20,1037
965,abhishekdas611,3146197,United States,,,20,1049
966,[deleted],1571962,,,,20,1052
967,sifa_serdar_ozen,798183,Germany,,,20,1053
968,borislavdrag42,3400722,Germany,,,20,1056
969,Dashan1999,2047752,India,,,20,1057
969,S1LV3R_J1NX,1258979,India,,,20,1057
971,kgoyal,775563,India,,,20,1071
972,VETRI_24,1824595,India,,,20,1078
973,zpozdniakov,3371973,Ukraine,,,20,1085
974,abg91,174183,India,,,20,1107
975,bsridhar107,1898944,India,,,20,1115
976,sidharth2606,2664704,India,,,20,1116
976,abhi5658054,1919035,India,,,20,1116
978,pkay1947,329138,United Kingdom,,,20,1122
979,sflramadhan,2390284,Indonesia,,,20,1123
980,vvora,1680791,India,,,20,1125
981,aabhasg,2057958,India,,,20,1127
982,Rahulparshi,924970,India,,,20,1129
982,nichols_keanu9,2831361,Trinidad and Tobago,,,20,1129
984,Specter123,2098761,India,,,20,1131
985,derek_e_sawicki,3359636,United States,,,20,1132
986,keshavmalpani07,3028294,India,,,20,1134
987,pravarmahajan,1713153,United States,,,20,1140
988,atmshiblesadik,1850360,Bangladesh,,,20,1141
989,somshekhardixit,3278465,India,,,20,1147
989,ahkurdi,161430,Jordan,,,20,1147
991,jainnihit,2887393,India,,,20,1156
992,anums1995,3438380,India,,,20,1157
993,kshitijyeotikar1,2008374,United States,,,20,1163
994,mcslane,264285,United States,,,20,1168
995,njnehajain330,2060239,India,,,20,1171
996,marshallKR7,2594077,India,,,20,1176
997,sameerverma183,824087,India,,,20,1179
998,galushin,992593,Russian Federation,,,20,1181
999,Kavinesh_Kavi,1513883,India,,,20,1202
1000,RAKESH44,2923815,India,,,20,1209
1001,Realhumanbean1,2577753,Russia,,,20,1214
1001,Lothbrok,1437456,India,,,20,1214
1003,bhattaroshan,1593515,Nepal,,,20,1218
1004,arnauddesombre,1256148,United States,,,20,1219
1005,nandsatya,23186,India,,,20,1226
1006,sumeet_sapla,668137,India,,,20,1231
1007,sparsh_s,1520728,India,,,20,1233
1008,a_kamal_89,2850034,Germany,,,20,1237
1009,Ialok__singh,2915947,India,,,20,1247
1010,msparwani,670397,India,,,20,1256
1011,lifzcode,2083956,India,,,20,1258
1012,jpritcha3_14,1616770,United States,,,20,1260
1013,yashmaxnet,765007,India,,,20,1261
1013,varadhan3n90,116274,India,,,20,1261
1015,Abhishek_Dixit,743468,India,,,20,1262
1016,wonjoon_seol,2139608,United Kingdom,,,20,1263
1016,hpq52537,1663435,Germany,,,20,1263
1018,ashish_cas,984565,India,,,20,1265
1019,sram1999,2890969,India,,,20,1277
1019,Anishri,1546396,India,,,20,1277
1021,waha__hawa,1722550,China,,,20,1283
1022,unknownboy,2395017,India,,,20,1291
1023,suryaprakash2391,2737846,India,,,20,1293
1024,yerzhanm,1013772,Kazakhstan,,,20,1294
1025,manuelshibin,3361637,India,,,20,1299
1026,Billy06,572223,Algeria,,,20,1314
1026,sahavishal001,3409707,India,,,20,1314
1028,admirer,2240615,India,,,20,1316
1029,thakkark1313,421460,United States,,,20,1328
1030,Anshul007,146599,India,,,20,1338
1031,[deleted],1537299,,,,20,1340
1032,vignesh002,431809,India,,,20,1354
1032,Prassy24,1441934,India,,,20,1354
1034,aroma17,1685190,India,,,20,1357
1035,key_destroyer,1475454,India,,,20,1369
1036,RedChilly,2022191,India,,,20,1371
1037,fdesu,1551646,Germany,,,20,1376
1038,prakhardb,643085,India,,,20,1380
1039,karthik1999rocks,2898891,India,,,20,1382
1040,nagappan,218637,India,,,20,1388
1041,renukumar07,140536,India,,,20,1389
1042,Nonne,2045367,India,,,20,1398
1043,Nir_J,1448497,United States,,,20,1399
1044,rasaviharhouse,2081561,United States,,,20,1406
1045,tklehr,403354,United States,,,20,1408
1046,singh_surajkumar,1493433,India,,,20,1410
1047,2022201007_prudh,2145621,India,,,20,1411
1048,tanishq_3,1461985,India,,,20,1413
1049,Ath0r,735798,Spain,,,20,1415
1050,yatahey,357881,Polska,,,20,1416
1051,mohdafzal330,2478817,India,,,20,1420
1052,naresh_chitte,3427566,India,,,20,1432
1053,Mr_Curious,66981,India,,,20,1442
1054,hgautam2010,1714014,India,,,20,1444
1055,theShadowRising,2891973,United States,,,20,1447
1056,vishnu98dasu,1680620,India,,,20,1458
1057,nineTnine,2787158,Nepal,,,20,1462
1058,archit_g7709,1829946,India,,,20,1474
1059,TEJASREE11,2140560,India,,,20,1479
1060,kalyanigadi,2168640,India,,,20,1490
1061,[deleted],2724578,,,,20,1491
1062,surajvermav38,2202712,India,,,20,1506
1063,cfdxwk,2055185,India,,,20,1507
1064,MrNik,2676471,India,,,20,1516
1064,i_am_aditya_31_1,2580467,India,,,20,1516
1066,kapildevneupane1,1936621,Nepal,,,20,1522
1067,nguyenhungphi261,2783170,Vietnam,,,20,1528
1068,NamrathaG,577894,India,,,20,1537
1069,sarwar_05,1970928,Bangladesh,,,20,1543
1070,i_aman_mittal,2614619,India,,,20,1544
1071,divyansh045,2084154,India,,,20,1547
1072,jfsrfilipe,3191892,Brazil,,,20,1549
1072,yathender,1028867,India,,,20,1549
1074,saidheerajnvs29,2231190,India,,,20,1550
1075,koolkoda,21470,United Kingdom,,,20,1556
1076,arijit_sur1998,2700594,India,,,20,1564
1077,Angad11121,1545052,India,,,20,1568
1078,sonia1997,999915,India,,,20,1569
1079,Skyler,66646,Sri Lanka,,,20,1573
1080,zulalidou,2259192,United States,,,20,1624
1081,[deleted],265055,,,,20,1625
1082,alpha_q2,2616076,India,,,20,1626
1082,ramankhurana01,1971231,India,,,20,1626
1084,souviksinharay,2395223,India,,,20,1642
1085,rajat_1986,2330941,Japan,,,20,1644
1086,aizensousukeh,2931358,Japan,,,20,1654
1087,manchesteritesh,2920880,India,,,20,1663
1088,[deleted],3310535,,,,20,1678
1089,Phemmy,516103,Nigeria,,,20,1687
1090,JIWANPRAKASH,800949,India,,,20,1691
1091,manojd664,207061,India,,,20,1695
1092,delta619,2320240,United States,,,20,1710
1093,mohan22,129575,India,,,20,1722
1094,ARAVIND_DREAMER,1524540,India,,,20,1725
1095,Robo310,919297,India,,,20,1737
1096,prateek12592,208340,India,,,20,1739
1097,thanga_manickam5,2800230,India,,,20,1743
1098,lalith_vamsi98,2072738,India,,,20,1745
1099,eric_day,2103589,Canada,,,20,1750
1100,RecLU,1217167,India,,,20,1757
1101,yvnm451996,3377126,India,,,20,1760
1102,shreya_jn,1752767,India,,,20,1763
1103,atreidex,1947186,Turkey,,,20,1775
1104,shridharhegde,494020,India,,,20,1781
1104,TwoTonTunic,451764,United States,,,20,1781
1106,AzouaV,3163521,Algeria,,,20,1784
1107,Ak9452,580327,India,,,20,1792
1108,gupta_abhishek12,2635898,India,,,20,1797
1109,shivank1969,242437,India,,,20,1803
1110,mylaterry36,3006790,India,,,20,1807
1111,swapnil_saxena,3122595,India,,,20,1817
1112,aadi_naik,2341698,India,,,20,1818
1113,pranavi_madala,1642569,United States,,,20,1822
1114,sujitra,526706,India,,,20,1835
1115,jeya_r,979404,India,,,20,1847
1116,abhishekkr28,3213499,India,,,20,1855
1117,deepzgiri77,3407401,India,,,20,1879
1118,anish_gupta425,2935517,India,,,20,1885
1119,hrshtvaish743,311837,India,,,20,1889
1119,vitorbartier,1688450,Brazil,,,20,1889
1121,sonkesharia_darp,2499845,India,,,20,1894
1122,H4CK3R_789,668422,India,,,20,1896
1123,codemaafia,1324404,India,,,20,1908
1124,veenitshukla20,2926570,India,,,20,1921
1125,pruvi007,1847305,India,,,20,1928
1126,rupert_pupkin,774159,Bangladesh,,,20,1932
1126,AlirezaTorabi,2639118,United Kingdom,,,20,1932
1128,gagikpog,3034791,Russian Federation,,,20,1942
1129,awd1232009,2385508,China,,,20,1945
1130,vishal_dogra738,2742881,India,,,20,1952
1131,aniket468kr,1645459,India,,,20,1956
1132,abidkhan484,1985277,Bangladesh,,,20,1959
1133,pplo_123,1076300,India,,,20,1963
1134,alpha52omega41,2371361,India,,,20,1967
1135,imnani,1942292,India,,,20,1990
1136,[deleted],760326,,,,20,1997
1137,afudiko,701038,Indonesia,,,20,2010
1138,arshpreets713,1468199,India,,,20,2016
1139,jamesdanielkelly,3428988,United States,,,20,2018
1140,RM_The_Hackerman,2707962,India,,,20,2022
1140,cs106115061,1168907,India,,,20,2022
1142,sibasish_14,3066159,India,,,20,2060
1143,avprasad1264,3349445,India,,,20,2071
1144,godsdice,680487,India,,,20,2084
1145,getvarunraj,3061012,India,,,20,2090
1146,agyaeytiwari,1665275,India,,,20,2096
1147,mwong510ca,2619414,United States,,,20,2106
1147,bkushwaha,1017564,India,,,20,2106
1149,vyshman,2636022,India,,,20,2113
1150,danieljohnlewis,3406085,United Kingdom,,,20,2116
1151,theTytoAlba,427046,Turkey,,,20,2132
1152,Rapo6,933072,United States,,,20,2135
1153,sshubhadeep,1730623,India,,,20,2138
1154,sevgicansalih,3398025,Turkey,,,20,2143
1155,GabrielBercaru,2558704,Romania,,,20,2149
1156,avishek9905,3243643,India,,,20,2151
1156,harshith1234567,1667015,India,,,20,2151
1158,tmckeown98,3416560,United Kingdom,,,20,2157
1159,Anonymous_Fox,393619,India,,,20,2162
1160,soumyasen1997,3022571,India,,,20,2166
1161,msecrieru,3223258,Romania,,,20,2170
1162,tuhochi,2043489,Austria,,,20,2171
1163,Duc_Luong,2481797,Vietnam,,,20,2176
1164,anshul4795,751198,India,,,20,2183
1165,uditk14,282634,India,,,20,2199
1166,K4ddy,1351801,Ireland,,,20,2202
1167,sojan_nikhil,2561117,India,,,20,2213
1168,poyea,3322528,Hong Kong,,,20,2217
1169,fireheat222,640174,India,,,20,2219
1170,sauravmalla41,2264554,India,,,20,2220
1171,Xcodebreaker,168294,Sudan,,,20,2224
1172,rashmiagar,810176,India,,,20,2228
1173,arumugam123,2208078,India,,,20,2245
1174,apoorv2511,619560,India,,,20,2268
1175,RajaIT,1865274,India,,,20,2274
1176,karry0298,2370597,India,,,20,2280
1177,rb930723,3086052,Poland,,,20,2281
1178,zahid046,2923181,Bangladesh,,,20,2285
1179,Arun_Chintala,915445,India,,,20,2287
1180,BullKnows,762151,United States,,,20,2295
1181,vishesh_sharma11,1921575,India,,,20,2303
1182,saurabhyadav,790394,India,,,20,2307
1183,MS_Nikhanj,1246852,India,,,20,2314
1184,avictoire,3265239,Togo,,,20,2320
1185,CryoScythe,3111554,India,,,20,2330
1186,m0hit_12,2996737,India,,,20,2334
1186,soumendofadar,263991,India,,,20,2334
1188,kulakowskin0408,3433453,United States,,,20,2338
1189,krishnakrgupta,3005943,India,,,20,2353
1190,Mohit_Negi,2672189,India,,,20,2355
1191,[deleted],3087582,India,,,20,2359
1192,g0602160,3079915,Singapore,,,20,2383
1193,Saurav52,1268124,India,,,20,2396
1194,upen12345,1013850,India,,,20,2414
1195,patil_amit155,2639331,India,,,20,2427
1196,16wh1a05b6,2868862,India,,,20,2435
1197,souman1729,860182,India,,,20,2437
1198,RoohMush,480833,India,,,20,2446
1199,sanatskj,819458,India,,,20,2447
1200,ashishkhulbey,827203,India,,,20,2457
1201,s1ssagar,602651,India,,,20,2465
1202,jgordeev,834311,Bulgaria,,,20,2471
1202,zofy11,2744771,Slovakia,,,20,2471
1204,zakhrozamo,1569504,India,,,20,2484
1205,ImShubham_Mishra,3211243,India,,,20,2488
1206,aparna_,894176,India,,,20,2491
1207,faizz7,876181,India,,,20,2502
1208,prabha88978,2185045,India,,,20,2512
1209,aayushkumar1011,885112,India,,,20,2516
1210,IamAdiSri,302882,India,,,20,2520
1211,DMahi,837911,India,,,20,2523
1212,chrissiromberg,2329580,Germany,,,20,2537
1213,saurabh47g,3269067,India,,,20,2548
1214,Anuragkumarsingh,730170,India,,,20,2549
1215,drzengineer,2130573,United States,,,20,2567
1216,syuyang,2831500,Taiwan,,,20,2568
1217,mmorshed,1233574,United States,,,20,2571
1218,oorja,207128,India,,,20,2585
1219,nishanjds,2888251,United Kingdom,,,20,2587
1220,enricogiurin,1144086,Switzerland,,,20,2593
1221,RachitGJain,3115247,India,,,20,2598
1222,DOER96,1680932,India,,,20,2600
1223,Shukla0319,2874971,India,,,20,2615
1224,zubeyirdsl,3384952,Turkey,,,20,2630
1225,czhong,829652,United States,,,20,2651
1226,gjaiswal108,2778484,India,,,20,2656
1227,LAKSHMAN_MALLIDI,1105071,India,,,20,2668
1228,shubham894,344174,India,,,20,2684
1229,kuldeepjain,2985577,United States,,,20,2685
1230,akshanshmishra61,1943823,India,,,20,2692
1231,AgharaShyam,2077979,India,,,20,2698
1232,rkkski,3357170,United States,,,20,2701
1233,maheshmnj,1706362,India,,,20,2710
1234,nikhil_gupta58,2985033,India,,,20,2711
1235,sushant171131,3438343,India,,,20,2749
1236,hassine,3254095,France,,,20,2763
1237,Kewo17,923906,Turkey,,,20,2765
1238,gvsnsyb98,2430671,India,,,20,2770
1239,RaviGhaghada,2307439,India,,,20,2777
1240,[deleted],2937685,Vietnam,,,20,2778
1241,pedro_miguel_br1,3303510,Netherlands,,,20,2785
1242,KavyaNagasuri,2140282,India,,,20,2799
1243,arushisinghal,647163,Luxembourg,,,20,2804
1244,mmaron,3436304,United States,,,20,2817
1245,Krishna_patil,2142401,India,,,20,2830
1246,AndreiG23,3268466,Romania,,,20,2837
1247,anandshukla,644426,India,,,20,2838
1248,jubinmathew1995,1824141,India,,,20,2847
1249,[deleted],3110976,,,,20,2860
1250,Jagannd,2140660,India,,,20,2866
1251,sachinxlr,2463534,Sri Lanka,,,20,2921
1252,Rohit_Srivastav,2877199,India,,,20,2926
1253,willmac321,3063381,United States,,,20,2927
1254,Kumar_shubham10,2932472,India,,,20,2935
1255,Vamsidhar123,855513,India,,,20,2938
1256,eyepatch4956174,2879106,India,,,20,2949
1257,Bastiantheone,3197695,United States,,,20,2950
1258,poorva13,183673,India,,,20,2952
1259,pilladinagavikas,2773493,India,,,20,2958
1260,actsj13,531378,Bangladesh,,,20,2978
1261,sonwani,233850,India,,,20,2983
1261,preshitwakhale,1706386,India,,,20,2983
1263,Persistencia,2784530,United States,,,20,2987
1263,prahack_,2290995,Sri Lanka,,,20,2987
1265,piyushs2894,296037,India,,,20,2991
1266,dastaan,667186,India,,,20,2998
1267,vineethkumard,2362438,India,,,20,3002
1267,dvij_D,1780226,India,,,20,3002
1269,nandikeshsingh,2404444,India,,,20,3007
1270,150040845_KLU,1245311,India,,,20,3021
1271,bytebx1212,1610472,India,,,20,3024
1272,Navmad,1567913,India,,,20,3025
1273,salwandhruvdev,385495,United States,,,20,3029
1274,suryaprakash1113,2957408,India,,,20,3042
1275,divyalakhwani31,2308384,India,,,20,3047
1276,rp00681,1867919,India,,,20,3052
1277,SeanRajapakse,1359190,Sri Lanka,,,20,3053
1278,raajj76,1911588,Bosnia and Herzegovina,,,20,3100
1279,kannaujiyavivek1,1816040,India,,,20,3106
1280,a_bhashkar906,3392685,India,,,20,3107
1281,neha_gandhi,1574467,India,,,20,3130
1282,roonnieee,3438526,India,,,20,3135
1283,mukundhreddy4,2696837,India,,,20,3143
1284,bhuvanms,542423,India,,,20,3166
1285,sacchin_p238,2088840,India,,,20,3173
1286,mathu_P,850191,India,,,20,3224
1287,arvind_pc,875109,India,,,20,3225
1288,dungeon_115,2870599,India,,,20,3246
1289,mailboxsatyam,3098529,India,,,20,3249
1290,extant,2711084,United States,,,20,3291
1290,jeeva_16f118,2031808,India,,,20,3291
1292,akanksha_bigasi1,2664115,India,,,20,3340
1293,tyagisagar79,1881660,India,,,20,3350
1294,Divyansh_4pi08,1285973,India,,,20,3354
1295,GouthamM,2681984,United States,,,20,3366
1296,jyotirmaysahoo21,1546720,India,,,20,3374
1297,beki_lewis,3438590,United Kingdom,,,20,3387
1298,AmrishKumar,977215,India,,,20,3396
1299,aryangupta1998,2648879,India,,,20,3412
1300,sumitupadhye12,2686906,India,,,20,3416
1301,zekeriyyezekeri1,2304171,Azerbaijan,,,20,3446
1302,mdmobaroksorkar,3408466,Bangladesh,,,20,3451
1303,nicktschuck,3364548,United States,,,20,3460
1304,ranjith1124,1861262,India,,,20,3480
1305,khushshah18,2031046,India,,,20,3486
1306,[deleted],2911483,,,,20,3498
1307,tudor_cristian_2,3415626,United Kingdom,,,20,3502
1308,arushi141999,2864735,India,,,20,3522
1309,frankelstein_11,1715134,India,,,20,3526
1310,gp330841,1540591,India,,,20,3530
1311,himanshu_dce12,2094144,India,,,20,3533
1312,iamkris,3268995,India,,,20,3539
1313,ranjan_monsha233,3418764,India,,,20,3540
1314,HTadle,3416222,Morocco,,,20,3550
1315,_i_am_tj_,694177,India,,,20,3564
1316,mandeepnegi010,617142,India,,,20,3571
1316,Atul_Anand25,2216631,India,,,20,3571
1318,hphuoc25,128279,Singapore,,,20,3581
1319,kavyarbemidgee,2820113,United States,,,20,3599
1320,ak_f203,2089060,India,,,20,3607
1321,aashish18,1785808,India,,,20,3633
1322,khiladi_20198,875459,India,,,20,3635
1323,anu826singh,1889756,India,,,20,3660
1324,arusheeagrawal,2887421,India,,,20,3668
1325,hackonsun,3057569,Turkey,,,20,3673
1326,Abhishek_98,2418038,India,,,20,3682
1327,leader_iitb,3135975,India,,,20,3702
1328,rafalplaszczyk_1,1850633,Poland,,,20,3717
1329,BRSanthosh,2887674,India,,,20,3731
1330,farizazmi,205594,Indonesia,,,20,3738
1331,jbenny2509,1374554,India,,,20,3744
1332,AdityaHase,2722720,India,,,20,3777
1333,Paulashis0013,2891278,India,,,20,3789
1334,sierra_bravo,266831,India,,,20,3801
1335,vamsik11,289328,India,,,20,3811
1336,[deleted],3215787,,,,20,3851
1337,Kinghs007,1260893,India,,,20,3852
1338,ornib_cs17b006,3231451,India,,,20,3853
1339,Vaibhav_KT,3201674,India,,,20,3872
1340,ngolebaotrung,1679112,Singapore,,,20,3883
1341,chaitanyaannamd1,2152164,India,,,20,3917
1342,f2013336,472896,India,,,20,3941
1343,krishna_hare013,2983637,India,,,20,3954
1344,Ankita_1996,2429820,India,,,20,3963
1345,kislaysr,682803,India,,,20,3986
1346,brandon_jones109,1578153,United States,,,20,4002
1347,icantrell617,3293148,United States,,,20,4009
1348,mntshoana,3434387,Hong Kong,,,20,4026
1349,Almo5tThere,1388831,Colombia,,,20,4032
1350,Jatinpruthi21,684377,India,,,20,4049
1351,Leela1206,1992882,India,,,20,4051
1352,ghabiassaad,1516346,Tunisia,,,20,4072
1353,SriPPM_p130,2024624,India,,,20,4105
1353,math2do,1664138,India,,,20,4105
1355,mokshagnasaiteja,1723760,India,,,20,4108
1356,subhadeepdeyashi,2285114,India,,,20,4112
1357,VamshiRevu,3227323,India,,,20,4125
1358,povilonisl,655216,United Kingdom,,,20,4127
1359,rpspjjjj,1719007,India,,,20,4141
1360,prakhar2289,2385203,India,,,20,4172
1361,_0_4_2_0_,1532521,India,,,20,4174
1362,harshvardhan58,475111,India,,,20,4177
1363,lakshmipavani,439135,India,,,20,4186
1364,brianmvance,3309511,United States,,,20,4196
1365,mani_shankar,323658,India,,,20,4230
1366,ayush_snha,3042861,India,,,20,4251
1367,manikceg,1977117,India,,,20,4267
1368,yerkimbekov,2017959,Kazakhstan,,,20,4275
1369,Aman_1198,945443,India,,,20,4285
1370,dont_know_me,1880704,India,,,20,4287
1371,b_praveenraja201,3019878,India,,,20,4291
1372,a111997kumarvin1,1728387,India,,,20,4329
1373,quqixun,3354143,Sweden,,,20,4332
1374,csravya333,2322313,India,,,20,4354
1375,skkaushik212,3009976,India,,,20,4360
1376,ayushnagal,1751705,India,,,20,4371
1377,candasunal,3301622,Turkey,,,20,4389
1378,Anurags2111,1857442,India,,,20,4409
1379,anwarshaikh078,2230799,India,,,20,4440
1380,Harshitvats09,683175,India,,,20,4446
1381,eli_zuck,2559564,United States,,,20,4451
1382,arihant_joshi,1544108,India,,,20,4458
1383,nischaymehta09,1388083,India,,,20,4502
1384,Binay_Sanghi,3286354,India,,,20,4504
1385,ruhul_azam1,797885,Bangladesh,,,20,4507
1386,msr_685,3294145,United States,,,20,4527
1387,prasanna_e333,2024688,India,,,20,4573
1388,atitstha12,2066957,India,,,20,4576
1389,haripranavsst,1520394,India,,,20,4579
1390,Sephrinx,3430967,Singapore,,,20,4618
1391,fsilvestre,2503216,Portugal,,,20,4634
1392,nlee1,3314387,United States,,,20,4657
1392,lvkhoa,2575754,Viet Nam,,,20,4657
1394,saurabh9761s,3332255,India,,,20,4704
1395,coder0406,1252039,Netherlands,,,20,4713
1396,mkumar95,1361948,India,,,20,4741
1397,rajan_sachdeva81,612222,India,,,20,4749
1398,elitecqc,1578629,Netherlands,,,20,4751
1399,rasswanth,2994010,India,,,20,4759
1400,chan_iitp,2896058,India,,,20,4765
1401,gargkartik,3058692,India,,,20,4772
1402,nikhilgupta311,1559222,India,,,20,4792
1403,SaumyaMTripathi,3165357,India,,,20,4807
1404,dks28197,2891715,India,,,20,4818
1405,jainadit67,3313036,India,,,20,4845
1406,ashwani_k,3023492,India,,,20,4848
1407,attree92,2084515,India,,,20,4863
1408,psufiyan,1960294,India,,,20,4908
1409,colcalex,3201288,United Kingdom,,,20,4976
1410,krishna_5737,617761,India,,,20,5006
1411,hendrysuwanda,441141,Indonesia,,,20,5033
1412,913114105074vcet,1471050,India,,,20,5049
1413,uiopnk69,2702796,India,,,20,5050
1413,wajiul,2687666,Bangladesh,,,20,5050
1415,vikky2101,772722,India,,,20,5051
1416,sixpathofpain,2924134,India,,,20,5065
1417,15s141,2280408,India,,,20,5068
1418,AshutoshGaur,431022,India,,,20,5089
1419,Ramakrishnan_,1539675,India,,,20,5113
1420,shreyverma03,895550,India,,,20,5126
1421,callniladri_pro,1458154,India,,,20,5127
1422,nirupatil,741164,India,,,20,5150
1422,Dev_Data,162230,India,,,20,5150
1424,sughan_P249,2088672,India,,,20,5152
1425,ravikailash,3072357,United States,,,20,5168
1425,harinyg98,2953127,India,,,20,5168
1427,BillDoors,951363,Philippines,,,20,5169
1428,neocode,2858562,India,,,20,5171
1429,arvinddhurve11,2395768,India,,,20,5180
1430,cs_abhi,1562032,India,,,20,5181
1431,[deleted],3435415,,,,20,5186
1432,ishaak15,3071149,India,,,20,5193
1433,ArpinFidel,3112830,Indonesia,,,20,5201
1434,bkak123,1374090,India,,,20,5221
1435,ssugavanesh2398,1431054,India,,,20,5244
1436,ivan_hadzhi,1218919,Canada,,,20,5259
1437,rahulbhardwaj100,1640948,India,,,20,5260
1438,Modsa,2618252,India,,,20,5268
1439,abhineet60,1406832,India,,,20,5275
1440,Kratos_64,640103,India,,,20,5350
1441,noob_akshay,1852530,India,,,20,5360
1441,noobgeek,1085418,United States,,,20,5360
1443,robs9868,2773700,India,,,20,5364
1444,ajay_26296,2749934,India,,,20,5439
1445,mddanishaiactr,1774108,India,,,20,5441
1446,SumaKamireddy,1290211,India,,,20,5457
1447,rajat_98,2095583,India,,,20,5479
1448,hiteshhota,361153,India,,,20,5486
1449,preranakakodkar,458182,United States,,,20,5530
1450,Akhil_yadav,2047690,India,,,20,5531
1451,nisha_ngcd69,2717943,India,,,20,5535
1452,jiteshmalipeddi1,2770645,India,,,20,5548
1453,aditya7874,828200,India,,,20,5549
1454,rakeshkumariit1,2932761,India,,,20,5590
1455,ulloriaq,1507557,India,,,20,5606
1456,prasadpal107,1718560,India,,,20,5649
1457,desmond00,612091,India,,,20,5656
1458,kiruba3441,70753,India,,,20,5659
1459,shashankHERE,1973495,India,,,20,5679
1460,astrixsanath14,2487867,India,,,20,5691
1461,asati_adi786,1520245,India,,,20,5703
1462,shibajiku,3400152,India,,,20,5718
1463,isaac_a_park,3428951,United States,,,20,5721
1464,[deleted],1925119,,,,20,5738
1465,js0898,2916891,India,,,20,5740
1466,shravc20,3151495,United States,,,20,5771
1467,codeaker,1211661,India,,,20,5788
1468,truman_purnell,928438,United States,,,20,5790
1469,sanjeevfecomp,2955405,India,,,20,5797
1470,Piyush01Bhatt,1131911,India,,,20,5799
1471,quanganhkt23,2845707,Viet Nam,,,20,5825
1472,Punya_nv,1659669,India,,,20,5871
1473,Psyclonic,2293002,United States,,,20,5882
1474,mitrio,205032,Kazakhstan,,,20,5920
1475,akh839,2528305,India,,,20,5961
1476,shreeram7797,1409071,India,,,20,5966
1477,nishanthbandari,1676745,India,,,20,5985
1478,souldexless,2177561,United States,,,20,6009
1479,Arvindarvind4,905881,India,,,20,6018
1480,aswaniexpress,1874045,India,,,20,6023
1481,anuraggupta974,1949711,India,,,20,6097
1482,kash213,429574,United States,,,20,6104
1483,srishti0302,2032758,India,,,20,6131
1484,Cavid_Afand,3094062,Azerbaijan,,,20,6150
1485,rahul_raj,67723,India,,,20,6159
1486,shaswatsunny1998,3050362,India,,,20,6160
1487,ciccimariaxavie1,1491702,India,,,20,6161
1488,prithwish,780501,India,,,20,6201
1489,vaibhavverma9999,2690537,India,,,20,6207
1490,vinyathaayyapu,1819127,India,,,20,6247
1491,nasirfardoush,3415327,Bangladesh,,,20,6260
1492,yogeshmmmec,2334725,India,,,20,6272
1493,AatmanMantri,1483664,India,,,20,6278
1494,aligng,3133477,Turkey,,,20,6295
1495,kizo07,606718,India,,,20,6305
1496,bhardwajpantham1,2127734,India,,,20,6398
1497,jackiee,1712364,United States,,,20,6489
1498,[deleted],3112925,Cuba,,,20,6492
1499,jayantbabu2868,2829368,India,,,20,6507
1500,lukasanarski,1649262,Georgia,,,20,6524
1501,sowmyay,286223,India,,,20,6529
1502,mat_jastrzebski,2889681,Poland,,,20,6558
1503,abhi_upadhyay,868695,India,,,20,6590
1504,zhadyrassyn,671480,Kazakhstan,,,20,6591
1505,pp_stabrawa,3428829,Poland,,,20,6608
1506,amitdhruva2,1624425,India,,,20,6624
1507,shadik1,3042329,United Arab Emirates,,,20,6665
1508,sayantabonny,1347828,India,,,20,6699
1509,gino_llerena,1576458,Peru,,,20,6702
1510,muznawaz97,3339302,India,,,20,6705
1511,akshit16,1441032,India,,,20,6713
1512,VINAY_VKK,893449,India,,,20,6784
1513,safayat_rahaman,900291,Bangladesh,,,20,6793
1514,kevinclauson99,2645745,United States,,,20,6804
1515,ihritikraj,2985691,India,,,20,6817
1516,pdchintawar,3408246,India,,,20,6839
1517,kumargaurav1137,2519799,India,,,20,6866
1518,lokesh_dasila,2130228,India,,,20,6875
1519,prema9797,1564130,India,,,20,6877
1520,manideepika_mal1,2706565,India,,,20,6954
1521,NidhiramSardhar,1382244,Bangladesh,,,20,6960
1522,AlienProgrammer,2062099,United States,,,20,6968
1523,Tufahel,2922973,Bangladesh,,,20,7010
1524,myagmarbat,1317248,United States,,,20,7045
1525,cocoscikaiii,3390501,United States,,,20,7105
1526,vishalkr_ag01,1600768,India,,,20,7107
1527,xavier982,1839783,Denmark,,,20,7108
1528,sar_ra,3431297,Morocco,,,20,7169
1529,kundan01,1996540,India,,,20,7185
1530,junthbasnet,2484513,Nepal,,,20,7208
1531,aayushd100,3128587,India,,,20,7228
1532,fbadaoui19,3431162,Morocco,,,20,7230
1533,devaraju_isuru,3218387,India,,,20,7231
1534,thedeath699,3275124,Bulgaria,,,20,7241
1535,akashsingla_p1,3114019,India,,,20,7247
1536,harishchennupat1,3194520,India,,,20,7251
1537,udonko,43884,Japan,,,20,7258
1538,david_carrie,3183507,Canada,,,20,7323
1539,jwp36,2947179,United States,,,20,7378
1540,patwari26,3024775,India,,,20,7379
1541,chameeradulanga1,2385989,Sri Lanka,,,20,7383
1542,158w1a0527,1381472,India,,,20,7388
1543,prasadgujar16,1885581,India,,,20,7402
1544,rahuljap,3102111,United States,,,20,7413
1545,niciquet,3375933,United States,,,20,7439
1546,aasom143,2110105,India,,,20,7441
1547,palash_lalwani,1445534,India,,,20,7446
1548,[deleted],1461427,Iran,,,20,7480
1549,ChefTobby,3192612,India,,,20,7503
1550,avs_aditya,295480,India,,,20,7518
1551,prudhvikiran2000,3349432,India,,,20,7566
1552,anshumansingh201,3114379,India,,,20,7593
1553,kasa_pranay9,853596,India,,,20,7618
1554,AnuragGupta93,2118728,India,,,20,7696
1555,suyashdamle,1494197,India,,,20,7808
1556,sanchit2812,2430257,India,,,20,7827
1557,BharathiBada,990889,India,,,20,7859
1558,kodhar,2726715,United States,,,20,7877
1559,raghavrammohan,1144267,India,,,20,7890
1560,agikop88,2777884,Bulgaria,,,20,7922
1561,saipavan_munaga,1559031,India,,,20,7931
1562,andr8357,2651870,Denmark,,,20,7954
1563,atulshakya1096,1456724,India,,,20,8056
1564,vosstaniesvyato,3438837,Russia,,,20,8062
1565,sumitkumar7,1917893,India,,,20,8070
1566,kameshyadavky,2952666,India,,,20,8081
1567,deimusmeister,1267817,Germany,,,20,8109
1568,tgaurputna,1662056,India,,,20,8133
1569,RestrictedPower,2258893,Greece,,,20,8171
1570,sahangirahmed,2359110,Bangladesh,,,20,8185
1571,maulikdoshi9,2785510,India,,,20,8228
1572,SSAgra,1190783,India,,,20,8237
1573,grextrex,183557,India,,,20,8246
1574,MaheshKandasamy,1295964,United States,,,20,8271
1575,srivasshubh,2209489,India,,,20,8291
1576,anandsakshi2016,1577728,India,,,20,8296
1577,nirbhik_datta98,3350179,India,,,20,8349
1578,atulraj297,1015064,India,,,20,8351
1579,boubacartellyba1,3188954,Canada,,,20,8365
1580,Gulam_Kibria,2922954,Bangladesh,,,20,8369
1581,aditya_jain_10,2609966,India,,,20,8441
1581,harveenchadha,2507747,India,,,20,8441
1583,wpram734,2914960,Turkey,,,20,8506
1584,rahul_agarwal_c1,3358306,India,,,20,8517
1585,ojassharma005,3240025,India,,,20,8534
1586,Shuryk,945977,India,,,20,8581
1587,pratush,178421,India,,,20,8596
1588,Technologyfreak,1623088,India,,,20,8610
1589,AchillesRahin,1315760,United States,,,20,8626
1590,pulkonet,1545417,India,,,20,8669
1591,imharshshukla,3438772,India,,,20,8691
1592,tushuaggar,2124864,India,,,20,8765
1593,nitesh_ism,238554,India,,,20,8779
1594,15A31A0597,1356023,India,,,20,8809
1595,iGagan,2454811,India,,,20,8832
1596,richiejp,2715144,Czechia,,,20,8840
1597,Dharmesh_012,1014138,India,,,20,8896
1598,svrohith9,994423,United States,,,20,8925
1599,bharatbahl,580860,India,,,20,8949
1600,kartikmudgal1998,2689443,India,,,20,8955
1601,williere1409,3051683,Vietnam,,,20,8987
1602,DhanyaAbhirami,1481152,India,,,20,8996
1603,aarthimadhusudh1,2723249,India,,,20,9011
1604,SL1495,1335205,India,,,20,9022
1605,akshay253101yad1,3365763,India,,,20,9039
1606,abinp97,1438443,India,,,20,9046
1607,arpitkanchan94,1880723,India,,,20,9053
1608,kumar_rahulshri,2987325,India,,,20,9068
1609,Rajputji,948718,India,,,20,9075
1610,kushagraagrawal1,1896503,India,,,20,9129
1611,77vivekkumar77,1755698,India,,,20,9135
1612,calligaro_nicola,3057399,Italy,,,20,9138
1613,moises_berenguer,3242640,Venezuela,,,20,9148
1614,nikhil3992,2250870,United States,,,20,9200
1615,stephen_steve50,2337821,India,,,20,9226
1616,willsea80,2897172,United States,,,20,9247
1617,sandeepbora,848622,India,,,20,9266
1618,josevalentinsp,3292553,Venezuela,,,20,9267
1619,Ethanwmh,3043942,United States,,,20,9284
1620,aayush_gupta1,2999981,India,,,20,9369
1621,EnigmaWasp,2010801,Ukraine,,,20,9371
1622,Purendra_,1255065,India,,,20,9454
1623,BopperDeveloper,1804814,India,,,20,9497
1624,tiberiu92,106802,Romania,,,20,9516
1625,pavanpakki786,2204032,India,,,20,9650
1626,sachinbhalekar,3225916,United States,,,20,9674
1627,Codecom_,2310707,Sri Lanka,,,20,9771
1628,gourav_vashisht1,2105921,India,,,20,9780
1629,Thorcc,3239102,United States,,,20,9782
1630,apsakash,667725,India,,,20,9802
1631,JobayerAhmmed,2933843,Bangladesh,,,20,9807
1632,azhar243,2743341,India,,,20,9837
1632,ktcoder,1000257,India,,,20,9837
1634,amitkumarnirala2,2786236,India,,,20,9840
1635,m7md3ly96,1808201,Egypt,,,20,9853
1636,ecao310,3371625,United States,,,20,9904
1637,aj_amittjain,1156259,India,,,20,9911
1638,ashwinkarthik897,2064232,India,,,20,10004
1639,Code_Man_007,1515956,India,,,20,10128
1640,abdullahkazimov1,2584337,Azerbaijan,,,20,10129
1641,AVM_Martin,2524131,Indonesia,,,20,10165
1642,codrutrat,3358516,Romania,,,20,10183
1643,ndnaveensweeebe,2023199,India,,,20,10219
1644,anne_kuszmaul,2555006,United States,,,20,10241
1645,ctiitm,922456,India,,,20,10254
1646,PanicLion,2325015,India,,,20,10279
1647,dharan1011,2986763,India,,,20,10325
1648,nikitac,723093,India,,,20,10369
1649,buyry,2044126,United States,,,20,10396
1650,nithunapromodps,2610419,India,,,20,10441
1651,aalsii,207869,India,,,20,10484
1652,tarun5130kumar,97426,India,,,20,10487
1653,singledesperado,2322308,India,,,20,10541
1654,meghrajjagadhane,2276072,India,,,20,10621
1655,jimmy84,2308260,Italy,,,20,10631
1656,waahm7,1460830,Pakistan,,,20,10655
1657,ZephyrKoo,3343237,Malaysia,,,20,10665
1658,bechirasma,2486557,Canada,,,20,10667
1659,baditageorge,1695839,Romania,,,20,10691
1660,dassourav1998,1700076,India,,,20,10776
1661,csdeshpande19,343759,United States,,,20,10782
1662,rsap303,2923368,India,,,20,10789
1663,Tuhin007,2492827,India,,,20,10801
1664,riskypuneet18,2134092,India,,,20,11717
1665,nkswami4u,2635365,India,,,19,756
1666,deepeshludhiyani,3223031,India,,,19,840
1667,alberteinstein11,2766678,Vietnam,,,19,6624
1668,ziyueli3,2323667,United States,,,19,7383
1669,varunrathi1910,1443219,India,,,18.75,2111
1670,harhacker,1685978,India,,,18.75,3894
1671,crf_campkl,1784769,United States,,,18.75,4416
1672,code_hacker001,2024537,India,,,18.75,5036
1673,RamKumarKona,2323292,India,,,18.75,5137
1674,getabhilashp,1618804,India,,,18.75,5277
1675,sarathineha,1483150,India,,,18.75,5727
1676,kumarnehal31,1385332,India,,,18.75,6095
1677,20raushanaryan,877038,India,,,18.75,6226
1678,mefahmid,522229,India,,,18.75,7227
1679,starkprateek,3142600,India,,,18.75,8857
1680,jenaumakant10,790909,India,,,18.75,13397
1681,kiranvenkatesh,1571888,India,,,18.75,14943
1682,gmohammadioun,659081,United States,,,18,1802
1683,[deleted],3346600,,,,17,370
1684,[deleted],3224570,,,,17,390
1685,lolzyloz,1602994,Singapore,,,17,422
1686,a_lal,3346185,United States,,,17,429
1687,cse21010816,2566122,India,,,17,487
1688,avanishjoshi,3360744,United States,,,17,542
1689,[deleted],1738208,,,,17,594
1690,yashu_598,1341231,India,,,17,698
1691,marshalkmr05,628445,Germany,,,17,734
1692,dsrocks510,2993903,India,,,17,790
1693,cs1170378,3113136,India,,,17,821
1694,pratikgawali2,336659,India,,,17,872
1695,jigarprajapati11,1814758,India,,,17,913
1696,raghavgupta2755,3192674,India,,,17,941
1697,bhavitvyamalik,870992,India,,,17,969
1698,akrsingh12,2263387,India,,,17,1093
1699,adityachandla,2325399,India,,,17,1233
1700,sravan582,607210,India,,,17,1247
1701,rachitgulati26,3329817,India,,,17,1283
1702,navyadatla,2747130,India,,,17,1436
1703,sourabhtomar6253,983853,India,,,17,1557
1704,[deleted],608298,,,,17,1586
1705,Preeti,73495,India,,,17,1655
1706,arihant_jain2,2884479,India,,,17,2012
1707,mupersan0,1401406,Egypt,,,17,2050
1708,Blackspecter,644854,India,,,17,2069
1709,_santosh,692786,India,,,17,2158
1710,as57807,1795596,India,,,17,2480
1711,lmfros,2067732,Chile,,,17,2536
1712,GamerbutCoder,3051225,India,,,17,2547
1713,ankit_yadav767,1673426,India,,,17,2824
1714,parawala_huzefa,3216695,United States,,,17,3036
1715,[deleted],1946595,,,,17,3155
1716,dedebapriya97,1858697,India,,,17,3438
1717,jmr449605,1620414,India,,,17,3805
1718,JTA05,750079,Canada,,,17,4010
1719,banny1009,2166674,India,,,17,4307
1720,0a1n0k1i0t,1558914,India,,,17,4394
1721,aariyaratne,2498153,Sri Lanka,,,17,4660
1722,148W1A0539,1288873,India,,,17,4699
1723,martostef,355057,Argentina,,,17,4773
1724,aditya_rohil,2172102,India,,,17,4919
1725,anirugu,1979773,India,,,17,5453
1726,avikpal1,3149834,India,,,17,5561
1727,manju786,696289,India,,,17,5585
1728,romanvoitetckii,3001999,Russian Federation,,,17,5593
1729,jaswalt,3433435,Canada,,,17,5631
1730,Learner1029,1182676,United States,,,17,5965
1731,mhosni,3369661,United States,,,17,6135
1732,_kennho,3426409,Singapore,,,17,6312
1733,srinu5,2206718,India,,,17,6501
1734,nidak2501,3428072,India,,,17,7319
1735,chandan_omar_cs1,2807761,India,,,17,7461
1736,enricobacis,181817,Italy,,,17,7583
1737,sanyampandey,3399488,India,,,17,8226
1738,varshney_arnav,2994599,India,,,17,8838
1739,rorar1476,3090030,India,,,17,9524
1740,kika_lazarovska,2443290,Macedonia,,,17,9547
1741,VishalSom,2974411,India,,,17,9598
1742,qwrtyuiuytres,3186989,India,,,17,9727
1743,mohith_m_venkat,2403243,India,,,17,9797
1744,mcpayne,3260542,United States,,,16,417
1745,anbarasiu,412169,India,,,16,1378
1746,utkarsh_shukla,1268179,India,,,16,2082
1747,abnice3,3348908,India,,,16,2986
1748,fnurlan7,3119980,Turkey,,,16,4009
1749,Akanksha4Sahay,714325,India,,,15.25,3887
1750,rajeshxmen,1315754,India,,,15.25,9775
1751,sagasu,3210678,United Kingdom,,,15,2190
1752,ambersingh594,3319769,India,,,15,3072
1753,sauravsolanki,2131114,India,,,13.75,2569
1754,shivamGO,2289984,India,,,13.75,3114
1755,gourav_987,3047783,India,,,13.75,3491
1756,iro_fragkou,2923481,Greece,,,13.75,3629
1757,ashvins,489767,United States,,,13.75,3854
1758,balareddybr,2325600,India,,,13.75,3959
1759,vijju1657,730180,India,,,13.75,4188
1760,princesisodiya79,2169535,India,,,13.75,4861
1761,dtubt2k17,3228215,India,,,13.75,4910
1762,manindermadigela,2196257,India,,,13.75,5181
1763,vidushi_agrawal1,1492062,India,,,13.75,5488
1764,cachirag230,3422927,India,,,13.75,5522
1765,anushreejain,2294955,India,,,13.75,6441
1766,ankit5sh,443367,India,,,13.75,6504
1767,robo_tk,3174585,Kenya,,,13.75,6632
1768,homeshchouhan,787809,India,,,13.75,6675
1769,hackerstest2016,1540235,India,,,13.75,7339
1770,shweta2468_sp21,1865794,India,,,13.75,7366
1771,johnshen,2083408,United States,,,13.75,7789
1772,aaarnav007,1359146,India,,,13.75,8051
1773,moshii,176327,Bangladesh,,,13.75,9139
1774,mritunjayk029,419940,India,,,13.75,9687
1775,rahulmurugan,1701088,India,,,13.75,9807
1776,anoopknr,1131350,India,,,13.75,10032
1777,keerthi0898,1574320,India,,,13.75,11827
1778,ARTHAMU,741350,India,,,13.75,12203
1779,avisekhrawat,2268952,India,,,13.75,15797
1780,shubhpachchigar,2994970,India,,,13.75,16398
1781,iosdev474,3176586,India,,,12,387
1782,bhanumanoj108,1598132,India,,,12,397
1783,nikhil_99,1470787,India,,,12,400
1784,EkremC,377386,Turkey,,,12,401
1784,Yolesnoob,2279188,India,,,12,401
1786,[deleted],2921900,,,,12,412
1787,abdurrazakliadil,3108465,Azerbaijan,,,12,435
1788,iosdev747,3267933,India,,,12,463
1789,Vicvic000,3297666,India,,,12,488
1790,skyrahul98,2405552,India,,,12,520
1791,dvdfrks,3386171,Czechia,,,12,526
1792,akash131096,1937232,India,,,12,556
1793,shahi_praphul,1535869,India,,,12,566
1794,pujithreddy786,2156317,India,,,12,606
1795,binish121,1033636,India,,,12,617
1796,Howkeye,2890133,India,,,12,642
1797,Visnu_P_Kumarr,1907923,India,,,12,665
1798,bajajmegha5,1615740,India,,,12,674
1799,tejasv2098,1637711,India,,,12,735
1800,sashank_ssridhar,2200732,India,,,12,746
1801,The_Unhero,733676,United Arab Emirates,,,12,757
1802,ayushverma15,2075781,India,,,12,787
1803,gp_glaser,1568657,Germany,,,12,790
1804,anuragmallick741,3393339,India,,,12,797
1805,ayush_gupta_eee1,3089496,India,,,12,813
1806,ankitsingh4154,1745087,India,,,12,829
1807,MrAsimov,437125,India,,,12,845
1808,halloTheCoder,1462638,India,,,12,849
1809,FaisalNabil,1466154,Bangladesh,,,12,853
1810,aamirlatif,1370061,Germany,,,12,855
1811,hvkushwaha,3119045,India,,,12,895
1812,GajaSaini,3016905,India,,,12,906
1813,rahulsinha2911,2087585,India,,,12,928
1814,benmc,2832118,United Kingdom,,,12,940
1815,zlareb1,1338776,India,,,12,943
1816,kriteshkr12,2280784,India,,,12,947
1817,choudharytcil,3340623,India,,,12,1006
1818,abhishek008,1147743,India,,,12,1031
1819,lewis_grozinger,2836568,United Kingdom,,,12,1032
1820,aditi369sharma,1448492,India,,,12,1035
1821,shivamguptahdr98,2873708,India,,,12,1052
1822,chsantosh1224,1880776,India,,,12,1061
1823,bhavneetkaur,673982,India,,,12,1068
1824,Faizan_92,3135507,India,,,12,1082
1825,manishamishra95,1621369,United States,,,12,1103
1826,ananysharma235,3227341,India,,,12,1119
1827,401error,3438297,India,,,12,1163
1828,boltmillee,231630,India,,,12,1168
1829,sidhhu,778786,India,,,12,1189
1830,nandkishor8878,2772661,India,,,12,1211
1831,nancykujur,640845,India,,,12,1217
1832,ankur221b,2449529,India,,,12,1266
1833,shubhamc817,424709,India,,,12,1268
1834,AlphaScorpii,3373722,India,,,12,1271
1835,UzumakiNaruto,866791,United States,,,12,1281
1836,abuzar_fiem_cse1,2984378,India,,,12,1288
1837,benazirbegam28,3110636,India,,,12,1296
1838,shariq_ubitian,3387736,Pakistan,,,12,1301
1839,rinodawn,1496922,Egypt,,,12,1307
1840,never_mind,560698,United States,,,12,1310
1841,[deleted],1534015,Syrian Arab Republic,,,12,1327
1842,aryanpranshu,2759896,India,,,12,1346
1843,harshv47,3215623,India,,,12,1355
1844,Aprajita_Singh,833920,India,,,12,1363
1845,andreii_lisita,3409789,Romania,,,12,1426
1846,roytriafandi,2628737,Indonesia,,,12,1438
1847,ricardogutierrez,3315139,Canada,,,12,1440
1848,mannu_rajput,2617943,India,,,12,1441
1849,rahuls321,1518028,India,,,12,1456
1850,prateeksaini2899,2975535,India,,,12,1476
1851,pranavkumarnrs,3015601,India,,,12,1494
1852,balachandra942,559944,India,,,12,1504
1853,rushikeshkoli3,3025008,India,,,12,1517
1854,akcs47,3067154,India,,,12,1523
1855,worldhello1,2934496,India,,,12,1528
1856,DipanshuAgarwal,3293658,India,,,12,1532
1857,atulsahu8294,2378029,India,,,12,1585
1858,kumudgupta76,2467897,India,,,12,1590
1859,QF_TheExotic,3390798,Malaysia,,,12,1612
1860,rakeshv247,1645190,India,,,12,1668
1861,TGaN_EsaN,1626560,India,,,12,1670
1862,amarasb09,1680865,India,,,12,1724
1863,abuzarahmed735,2181106,India,,,12,1733
1864,sai_20172086,2991021,India,,,12,1736
1865,pmaniteja83,2702935,India,,,12,1752
1866,aavritti_soni191,2162180,India,,,12,1788
1867,b_ashishjha13,1815540,India,,,12,1796
1868,pratik_joshi,3217240,United States,,,12,1803
1869,aniket_28sep,2916907,India,,,12,1853
1870,tpavona1,3437633,Italy,,,12,1932
1871,alekhyarao99,3127120,India,,,12,1940
1872,PubuduUdara,695201,Sri Lanka,,,12,1952
1873,gaikwadchetan93,263442,India,,,12,2039
1874,amithraj363,2168969,India,,,12,2077
1875,prgv12,1685332,India,,,12,2092
1876,RaviTheTeja,2775243,India,,,12,2117
1877,fedefloris,759032,Italy,,,12,2161
1878,PrajithaK,2897845,India,,,12,2182
1879,rk_244,3430120,India,,,12,2185
1880,x65han,1231022,Canada,,,12,2210
1881,sps85,2466835,Singapore,,,12,2221
1882,milky_zaidi2001,1782137,India,,,12,2238
1883,sriramcg1509,1525006,India,,,12,2272
1884,markrichie96,2754551,Sri Lanka,,,12,2299
1885,shivam_goyal_ci1,2570676,India,,,12,2367
1886,SL170031606,2888976,India,,,12,2383
1887,reluctantcoder,1130924,India,,,12,2432
1888,rincovini,3418610,Colombia,,,12,2438
1889,codemage,2068201,Georgia,,,12,2447
1890,assimi_mazine,3192150,France,,,12,2506
1891,nikosvnyc,3320628,United States,,,12,2508
1892,Kausi1198,2842945,India,,,12,2550
1893,shgpt14,2913172,India,,,12,2554
1894,Keerthi_98,3353068,United States,,,12,2591
1895,geass_4m4n,3146946,India,,,12,2593
1896,[deleted],3353269,,,,12,2620
1897,Nive_G,1495168,India,,,12,2719
1898,yashkumarpatel,703729,India,,,12,2722
1899,chaitanyagvsr,3082693,India,,,12,2735
1900,prakharsinghalf1,2474552,India,,,12,2753
1901,joyjitpaul,2026291,India,,,12,2763
1902,sofia_navas96,3241460,Colombia,,,12,2777
1903,snk_yogi_14f227,433911,India,,,12,2781
1904,NikhilP19,2326763,United States,,,12,2792
1905,vasishta_chandan,538614,India,,,12,2813
1906,sharmilasri,2421122,India,,,12,2844
1907,maralkou93,3071028,Greece,,,12,2908
1908,pankaj89,37455,Germany,,,12,2934
1909,mehanu24,736824,India,,,12,2976
1910,yerragunta_saia1,2865852,India,,,12,3013
1911,yashtibrewal,1544812,United States,,,12,3037
1912,bkarthik530,2318614,India,,,12,3055
1913,ritrisha_offici1,2355221,India,,,12,3080
1914,anishaagarwal891,2161396,India,,,12,3141
1915,Sai101198,2894330,India,,,12,3169
1916,aravindhamr,2770654,India,,,12,3322
1917,sagasilu,1106442,India,,,12,3335
1918,lucian_bredean,3088580,Romania,,,12,3436
1919,zeynoz,1077967,United Kingdom,,,12,3441
1920,everythings13,2970093,India,,,12,3516
1921,anupagarwal09,2708051,United States,,,12,3545
1922,kuppu,1149270,India,,,12,3552
1923,elitvinchuck,3006423,Ukraine,,,12,3554
1924,Rahul_lekkala,449875,India,,,12,3585
1925,daksh_dheeraj,2995058,India,,,12,3622
1926,srujanakeerthi90,1520533,United States,,,12,3892
1927,chaws,3420937,United States,,,12,4107
1928,agrawal_reetika1,407543,India,,,12,4154
1929,priya61197,2290032,India,,,12,4202
1930,saqib9828,961956,India,,,12,4235
1931,johngemegah,1656929,United States,,,12,4269
1932,aditya_avs,460967,India,,,12,4614
1933,rokinkarthi,1576628,United States,,,12,4638
1934,dprcsingh,1646589,India,,,12,4748
1935,akhil_ghatiki,2377446,India,,,12,4803
1936,justaname94,624037,Dominican Republic,,,12,4841
1937,bant8009,2687798,Dominican Republic,,,12,4891
1938,ritika11oct,2436645,India,,,12,4914
1939,gops007,1023870,India,,,12,5021
1940,hemasampathkumar,1628710,India,,,12,5062
1941,wizAmit,96920,India,,,12,5083
1942,Priyal03,217764,India,,,12,5093
1943,yuvaprasad,2920911,India,,,12,5241
1944,varunkumar_vegi1,2815967,India,,,12,5409
1945,Neel_Knight,555223,India,,,12,5565
1946,sumitprajapati81,3123184,India,,,12,5636
1947,brahim_khouy,3406578,Morocco,,,12,5744
1948,rajeshacme,1969312,India,,,12,5753
1949,GauravSharma97,2601519,India,,,12,5781
1950,Nithishsagi,970981,India,,,12,5879
1951,mageshsridhar,2950808,India,,,12,6024
1952,cphilshurtliff,1533647,United States,,,12,6084
1953,alisherrakhimov,2312680,Uzbekistan,,,12,6224
1954,Rebel1551,1462266,India,,,12,6281
1955,SaraSparks,2876615,India,,,12,6304
1956,shanthosh1999,1717214,India,,,12,6647
1957,anejaaastha,2097930,India,,,12,6655
1958,ravindusachinth1,2451682,Sri Lanka,,,12,6669
1959,mszczytowski,1846038,Poland,,,12,6941
1960,sandraprog,3151358,Russian Federation,,,12,7166
1961,vishaltvijay02,3135566,United States,,,12,7213
1962,kattakapilkumar,937850,India,,,12,7280
1963,aman_goyal123,2010223,India,,,12,7350
1964,ipsit,754144,India,,,12,7383
1965,reahmedreda,2127706,Egypt,,,12,7620
1966,chancmg,1510681,India,,,12,7753
1967,meetchaudhary97,1964166,India,,,12,7763
1968,vad1m,439621,Russia,,,12,7880
1969,vu_t1,2570047,United States,,,12,7895
1970,romain_hugi,3398480,Switzerland,,,12,7985
1971,moorea4086,2571312,United States,,,12,8068
1972,kashishjhaveri,2991053,India,,,12,8138
1973,shraddhashrivas1,1832633,India,,,12,8234
1974,anshulkar,630354,India,,,12,8251
1975,sujanmiah1,3431028,Bangladesh,,,12,8260
1976,Chutky,861736,India,,,12,8285
1977,Naveen_Kumar20,1431072,India,,,12,8359
1978,successfulmanrb,2503940,India,,,12,8481
1979,prabhath1,2898559,India,,,12,8625
1980,kannu21,1761321,India,,,12,8760
1981,ajaystark,3254319,India,,,12,8986
1982,mhund1,3416937,United States,,,12,9072
1983,bsef15m052,1992327,Pakistan,,,12,9150
1984,devendra73,2086347,India,,,12,9242
1985,shekjbs,1055672,India,,,12,9412
1986,murali_naripeddi,3094486,India,,,12,9461
1987,waqas716,637310,Germany,,,12,9466
1988,manikanta_9573,443145,India,,,12,9571
1989,Lizards,1351032,India,,,12,9648
1990,sumanth297,2327437,India,,,12,9671
1991,[deleted],315446,,,,12,9892
1992,davebhatt69,1481947,India,,,12,10026
1993,minnalpunnagai,1517334,India,,,12,10138
1994,ankitpal181,1529768,India,,,12,10279
1995,Kronopt,1802307,Portugal,,,12,10476
1996,rkrishnan76_us,2174824,United States,,,12,10546
1997,zerocooll,875509,Bangladesh,,,12,10711
1998,chandanreddyban1,2552931,India,,,12,10754
1999,dev_KhaledSaleh,578420,United States,,,12,10773
2000,Prashast98_Ps,1711408,India,,,11.75,2793
2001,jinga_lala,3121795,India,,,11.75,4056
2002,nikhil_m170356ca,2913105,India,,,11.75,5072
2003,adnan320324,1572322,Bangladesh,,,11.75,5103
2004,muhammadt91,2457967,India,,,11.75,5901
2005,vkrishna_shukla1,3176385,India,,,11.75,6176
2006,athirav23,3366120,India,,,11.75,7299
2007,priyanshutiwari1,3307327,India,,,11.75,8647
2008,nosaka,3110270,India,,,11.75,13148
2009,vshkumara,2308859,Sri Lanka,,,11.75,14013
2010,Mawkko,696815,Egypt,,,11,701
2011,Anirudh_M,610785,United States,,,11,1183
2012,das_keyboard,3436317,Germany,,,11,1440
2013,hrushikeshchoud1,2466647,India,,,11,2054
2014,mdshoeb01,2954554,India,,,11,2934
2015,dshakya29,2312525,India,,,11,3311
2016,akshay_bagal09,3324691,India,,,11,3769
2017,calvin_nrnha,2953450,India,,,11,5432
2018,swapnil_061998,2804225,India,,,11,5996
2019,harshakunjathba1,1909505,India,,,11,6492
2020,jakharsahab,2186740,India,,,11,9716
2021,rk412882,2467895,India,,,11,10732
2022,NeoComprix,1466599,India,,,10,149
2023,uiuiuiui,2642912,India,,,10,185
2024,noxxnoface,3087283,India,,,10,369
2025,MAF010,2944190,India,,,10,427
2026,aksharprasad,3128792,India,,,10,455
2027,mediocre010,1460122,India,,,10,474
2028,turboblaze,705810,India,,,10,603
2029,tilamhanh123,2011171,Vietnam,,,10,738
2030,AK2600,3143639,India,,,10,771
2031,satyakiran89777,3274212,India,,,10,805
2032,itsmesumiit,1934896,India,,,10,839
2033,ad1tyas1nha,1055961,India,,,10,928
2034,anunaybagga,2996905,India,,,10,991
2035,sriramr083,1751803,India,,,10,1007
2036,snyxcore,3438479,Germany,,,10,1042
2037,CoDe_GeEk_,2116292,India,,,10,1062
2038,achiever1,644203,India,,,10,1113
2039,unseen7,3287227,India,,,10,1169
2040,kpkrishnaprasad1,1826333,Canada,,,10,1282
2041,anantkhaware,2972369,India,,,10,1314
2042,sakshi0921,915742,India,,,10,1407
2043,Ajayb,3118094,India,,,10,1449
2044,samruddhi_malge,2389949,India,,,10,1522
2045,rajadurai_cit,2789854,India,,,10,1784
2046,poojaguptapuja2,783089,India,,,10,1827
2047,amitpriyadarshi1,2958458,India,,,10,1831
2048,2015karan_hotwa1,2777028,India,,,10,1850
2049,[deleted],3426997,,,,10,1948
2050,PhantomThief,2284309,India,,,10,2018
2051,Sadoyu,2860392,India,,,10,2173
2052,VishalTalreja,785313,India,,,10,2197
2053,jatin94,573315,India,,,10,2199
2054,Ziggy113,734011,South Africa,,,10,2203
2055,v_innovate,3429552,United Kingdom,,,10,2209
2056,undercoveragent,607131,India,,,10,2262
2057,preetpari54,2715938,India,,,10,2314
2058,s_abdulakhatov,3227956,Russian Federation,,,10,2360
2059,saurabhmitmands1,3437864,India,,,10,2418
2060,vishumagnus,2892115,India,,,10,2655
2061,ssonamkamble,1289401,India,,,10,2685
2062,crav710,686530,India,,,10,2778
2063,sivanikankipati,2534318,India,,,10,2809
2064,Arunachalam_B,2725369,India,,,10,3128
2065,swayamadi23,3286528,India,,,10,3251
2066,Alexandru_Rad,1579370,Romania,,,10,3395
2067,Srikant_Singh,2687840,India,,,10,3735
2068,vds_tanuj4567,3060916,India,,,10,3957
2069,Mayank_Singla,1960903,India,,,10,4238
2070,rohit_agarwal,340730,India,,,10,4376
2071,21rachitriya12,3434342,India,,,10,4430
2072,ckuruppu7986,843510,United States,,,10,4527
2073,Veeraram,3175138,India,,,10,4749
2074,anshuahi,1486480,India,,,10,4809
2075,michaelf23,3353901,India,,,10,4948
2076,anjumgouseshaik,2747374,India,,,10,5085
2077,aritra_munsi,3402537,India,,,10,5204
2078,impeccable3,2768495,India,,,10,5216
2079,shivamshahi12,3438664,India,,,10,5261
2080,rajshah1000,2652756,India,,,10,5356
2081,nkuknas,3360038,United Kingdom,,,10,5363
2082,sakshi_gupta2017,3438647,India,,,10,5469
2083,Rohit_102,1434814,India,,,10,5554
2084,naclEric,1866190,United States,,,10,5821
2085,mario_zec98,3002536,Croatia,,,10,6169
2086,tejaasvenkatesh,1785937,India,,,10,6240
2087,dileep5298,973796,India,,,10,6256
2088,count_coder,3237327,India,,,10,6389
2089,gholakemohit,2084449,India,,,10,6392
2090,s13,38450,India,,,10,6598
2091,harshita9588,2005945,United States,,,10,6966
2092,vigneshwaran34,2264837,India,,,10,6991
2093,jainashish156,3183250,United States,,,10,7146
2094,guney,1835290,Turkey,,,10,7194
2095,sanjayreddy105,872679,United States,,,10,7347
2096,aishwarya27,887106,India,,,10,7647
2097,flashwii9,3420056,Saudi Arabia,,,10,7792
2098,sadneyap,1641031,India,,,10,8270
2099,NSTU_ARCTURUS,3406610,Bangladesh,,,10,8550
2100,jviltoft,2320060,United States,,,10,8610
2101,prashantrajkhur1,2389048,India,,,10,8868
2101,gyan55pra,1492276,India,,,10,8868
2103,badassiumoxide,2248580,Bangladesh,,,10,9689
2104,ravishankar1997,1130880,India,,,10,9879
2105,tarunannapareddy,1274682,India,,,10,9930
2106,artig9630,2144591,India,,,10,9935
2107,rohit_kamat,866594,India,,,10,10117
2108,citharish1153,1456069,India,,,10,10427
2109,UdayBK,620124,India,,,10,10534
2110,avspal2016,331781,India,,,10,10539
2111,chundubhanu,740701,India,,,10,10632
2112,nuclear_oreo,2252830,United States,,,9,1512
2113,jariel_gojar,1776551,United States,,,9,1652
2114,SONU98,650294,India,,,9,2355
2115,navjotrana28,2854298,India,,,9,2724
2116,arvijayakumar,2971367,India,,,9,3378
2117,kasheera44,3387666,India,,,9,3518
2118,swethabodla369,3437941,India,,,9,3977
2119,Mentipoorna,3312071,India,,,9,4743
2120,sp946,3398746,United States,,,9,4747
2121,lucasarts230,895738,United States,,,9,6614
2122,shahdarshanp1999,2744414,India,,,9,7224
2123,ravikant220594,1777779,India,,,9,7895
2124,15s126,2772585,India,,,9,8352
2125,mrunalidhenge99,3134892,India,,,9,8783
2126,ashishmahalle,848951,India,,,9,9884
2127,nihitjain11,454537,India,,,9,10277
2128,philkazan,2855214,United States,,,9,10434
2129,Nelskj,2830383,France,,,7,10450
2130,apoorvapise,2685140,India,,,6.75,14945
2131,kanhaiya_m170511,2913099,India,,,6,1223
2132,maheshvangala191,2503959,India,,,5,4114
2133,ragavendranlnar1,1632157,Australia,,,5,7854
2134,miguelorrego,3412215,Colombia,,,5,8736
2135,LuisM45,2527217,Ecuador,,,5,9123
2136,skkumaryadav5,2878016,India,,,4,3253
2137,remainer00,3396605,Republic of Korea,,,4,6646
2138,rupamswain1,2404264,India,,,2,3903
2139,Jzege,3243625,Singapore,,,1.75,1616
2140,peterbeattie19,1872496,Ireland,,,1.75,2533
2141,nikitawidnicky,793702,India,,,1.75,2811
2142,kanemaxcy,3314544,United States,,,1.75,4561
2143,natvemohan,1387370,India,,,1.75,7315
2144,jeevan9510,2173132,India,,,1.75,8870
2145,atshu,127055,India,,,1.75,9550
2146,medamine123,756584,France,,,1.75,9974
2147,rajshreenimawat,920564,India,,,1,765
2148,sanyamjain15aug1,3037149,India,,,1,839
2149,aehjaj,303852,India,,,1,1118
2150,ismail_bellihi,3136693,Finland,,,1,1340
2151,pooh_reddy,416537,India,,,1,2555
2152,navdeepsingham,2013684,India,,,1,2651
2153,nivashinis96,1549706,India,,,1,3229
2154,Supriya_Suresh,2795887,India,,,1,3770
2155,bzz5065,2178424,United States,,,1,3803
2156,sidd_geek,2177188,India,,,1,4068
2157,ari88element,2102941,United States,,,1,5372
2158,evvan,3397645,United States,,,1,5621
2159,mahendra_drd,2406685,India,,,1,6867
2160,ssjdexucyche,3437029,India,,,1,7133
2161,kapil_srivastav1,3382836,India,,,1,7799
2162,subhadip_maity,1056171,United States,,,1,8377
2163,abinaya_n15,1518302,India,,,1,8638
2164,Amartya17f_h_s_s,2675163,India,,,1,9267
2165,sahilrke,1532958,India,,,1,9291
2166,krishnakanta821,3432003,Bangladesh,,,1,10333
2167,khsr650_cse,1887692,India,,,1,10647
2168,waleedyounis1541,1888650,Egypt,,,1,10650
2169,Sarmena,956072,India,,,0,0
2169,darthpuyang,930554,United States,,,0,0
2169,vickyyo,706491,India,,,0,0
2169,bhuvnesh_kumar,447377,India,,,0,0
2169,vgsprasad,371703,United States,,,0,0
2169,itjayaweera,3438881,Sri Lanka,,,0,0
2169,shamolfardina14,3438640,Bangladesh,,,0,0
2169,saifunimas,3437691,Malaysia,,,0,0
2169,marihan_girgis,3435552,Egypt,,,0,0
2169,belljohan09,3432317,Canada,,,0,0
2169,raghavkhattar845,3420573,India,,,0,0
2169,adi0603,3411143,India,,,0,0
2169,code_cody97,3392925,India,,,0,0
2169,deanek2016,3390628,United States,,,0,0
2169,ryan07,3369710,United States,,,0,0
2169,muresan_cristia1,3292857,Romania,,,0,0
2169,vishalgsai,3282908,India,,,0,0
2169,sego_maris,3268481,France,,,0,0
2169,jaimeeliasgr,3266011,France,,,0,0
2169,karankshyp18,3250986,India,,,0,0
2169,ujjal_123,3166685,India,,,0,0
2169,wHynOT23,3139642,India,,,0,0
2169,BalaLM10,3139423,India,,,0,0
2169,tgrs2,3087571,India,,,0,0
2169,madhavshahsisod1,3082641,India,,,0,0
2169,abhishekprakhar,2985365,India,,,0,0
2169,nikhil_lakky31,2976890,India,,,0,0
2169,ibm2013022,293924,India,,,0,0
2169,victore_brizzi,2906152,Argentina,,,0,0
2169,ashish333mishra,2883641,India,,,0,0
2169,adityareddy561,2878685,India,,,0,0
2169,srivastavashyam1,2827163,India,,,0,0
2169,souravs_1999,2819607,India,,,0,0
2169,DeepshikhaSinha,2793865,India,,,0,0
2169,dasaradhi_jetti,2744780,United States,,,0,0
2169,chauhga,2716030,India,,,0,0
2169,dheerajdbd,2701611,India,,,0,0
2169,pooja27pawar,2635883,India,,,0,0
2169,vdenisov1,2585123,United States,,,0,0
2169,SL2438,2507890,India,,,0,0
2169,16wh1a0546,2480140,India,,,0,0
2169,tejas_kale,2379351,India,,,0,0
2169,suranjitray47,2189533,Bangladesh,,,0,0
2169,dipipandey95,2146738,India,,,0,0
2169,Godfather_777,2140810,India,,,0,0
2169,Codacer,2114608,India,,,0,0
2169,karthik16m120,2024824,India,,,0,0
2169,KamalaMarathi,1962405,India,,,0,0
2169,Saidur_Sajol,1909895,Bangladesh,,,0,0
2169,anaydombe2931997,1824246,India,,,0,0
2169,ivan_xero_mollov,1788916,Bulgaria,,,0,0
2169,harshitsingh15,1755232,India,,,0,0
2169,[deleted],1749197,,,,0,0
2169,theneoc,1636166,Wallis and Futuna,,,0,0
2169,siddhivermabigb1,1628163,India,,,0,0
2169,d2011das,1482637,India,,,0,0
2169,sanjuannam,1430681,India,,,0,0
2169,gopinath_vasala1,1366040,United States,,,0,0
2169,SL4297,1347308,India,,,0,0
2169,smriti14,1281798,United States,,,0,0
2169,drlavanya1984,1135065,India,,,0,0
2169,loukaspd,1088187,Greece,,,0,0
2169,aniketpuri7,1040603,India,,,0,0